,id
0,bBbqssg9c2Q7m52Ofvna0hiu3QqH8EFZ_GncceRow74pi4s
1,zX-j5Hbb3uUliBCaQ6ZPe3iqsIq5F8eZkEAJUq2WbdYyE2g
2,uyWv8Dk3B0fnEtvHP9qbbpVVhZEb_Ei9GtS2lJMKIyYDBboWRCtOSSP8gw
3,dUYfDd-FpdL_qO9EpkrA-zr0PxNKLGS8Q-N-tmN2GfnVi5FmvVotkSZppw
4,XPN2eQ-YXTIQnuEop21DZ6L8olzlqaVNJELNTHu-olJhaXfO9p5-Hm7cgA
5,5_dTGIS0yHF7NqzoptTd4Urp4oZeQ3F3oufbHQaPlz-ZwCT2mgduATDzjA
6,UgDzNXSecEaKv_muUops5eDYNBYT9nmXjuhF-___pYVHjQ
7,F4NDZ1zyOYnDY1KZp_qZ3SaChfxQDiJmaOqLLJ56JQKS4rs
8,Fw6-4vwo6WeIPw90LKgqf7WPX8MVJqJy74IBc4nO9hEgowlGy4JNp2jLcw
