,puuid,matchId
0,_1O5jqSv6G2HCwSFHatCtbBMfReAr7RKjUjI3uPXMVAbMnczS8_IMnh5CcYKKFPFbb_ROaDJoufhiQ,KR_6619106249
1,_1O5jqSv6G2HCwSFHatCtbBMfReAr7RKjUjI3uPXMVAbMnczS8_IMnh5CcYKKFPFbb_ROaDJoufhiQ,KR_6619052015
2,_1O5jqSv6G2HCwSFHatCtbBMfReAr7RKjUjI3uPXMVAbMnczS8_IMnh5CcYKKFPFbb_ROaDJoufhiQ,KR_6618991212
3,_1O5jqSv6G2HCwSFHatCtbBMfReAr7RKjUjI3uPXMVAbMnczS8_IMnh5CcYKKFPFbb_ROaDJoufhiQ,KR_6618644011
4,_1O5jqSv6G2HCwSFHatCtbBMfReAr7RKjUjI3uPXMVAbMnczS8_IMnh5CcYKKFPFbb_ROaDJoufhiQ,KR_6618620484
5,_1O5jqSv6G2HCwSFHatCtbBMfReAr7RKjUjI3uPXMVAbMnczS8_IMnh5CcYKKFPFbb_ROaDJoufhiQ,KR_6618595582
6,_1O5jqSv6G2HCwSFHatCtbBMfReAr7RKjUjI3uPXMVAbMnczS8_IMnh5CcYKKFPFbb_ROaDJoufhiQ,KR_6617532786
7,_1O5jqSv6G2HCwSFHatCtbBMfReAr7RKjUjI3uPXMVAbMnczS8_IMnh5CcYKKFPFbb_ROaDJoufhiQ,KR_6617488098
8,_1O5jqSv6G2HCwSFHatCtbBMfReAr7RKjUjI3uPXMVAbMnczS8_IMnh5CcYKKFPFbb_ROaDJoufhiQ,KR_6617404148
9,_1O5jqSv6G2HCwSFHatCtbBMfReAr7RKjUjI3uPXMVAbMnczS8_IMnh5CcYKKFPFbb_ROaDJoufhiQ,KR_6617329893
10,_1O5jqSv6G2HCwSFHatCtbBMfReAr7RKjUjI3uPXMVAbMnczS8_IMnh5CcYKKFPFbb_ROaDJoufhiQ,KR_6617271788
11,_1O5jqSv6G2HCwSFHatCtbBMfReAr7RKjUjI3uPXMVAbMnczS8_IMnh5CcYKKFPFbb_ROaDJoufhiQ,KR_6617230085
12,_1O5jqSv6G2HCwSFHatCtbBMfReAr7RKjUjI3uPXMVAbMnczS8_IMnh5CcYKKFPFbb_ROaDJoufhiQ,KR_6617172620
13,_1O5jqSv6G2HCwSFHatCtbBMfReAr7RKjUjI3uPXMVAbMnczS8_IMnh5CcYKKFPFbb_ROaDJoufhiQ,KR_6616691330
14,_1O5jqSv6G2HCwSFHatCtbBMfReAr7RKjUjI3uPXMVAbMnczS8_IMnh5CcYKKFPFbb_ROaDJoufhiQ,KR_6616605725
15,_1O5jqSv6G2HCwSFHatCtbBMfReAr7RKjUjI3uPXMVAbMnczS8_IMnh5CcYKKFPFbb_ROaDJoufhiQ,KR_6616506610
16,_1O5jqSv6G2HCwSFHatCtbBMfReAr7RKjUjI3uPXMVAbMnczS8_IMnh5CcYKKFPFbb_ROaDJoufhiQ,KR_6616396663
17,_1O5jqSv6G2HCwSFHatCtbBMfReAr7RKjUjI3uPXMVAbMnczS8_IMnh5CcYKKFPFbb_ROaDJoufhiQ,KR_6616284540
18,_1O5jqSv6G2HCwSFHatCtbBMfReAr7RKjUjI3uPXMVAbMnczS8_IMnh5CcYKKFPFbb_ROaDJoufhiQ,KR_6616124041
19,_1O5jqSv6G2HCwSFHatCtbBMfReAr7RKjUjI3uPXMVAbMnczS8_IMnh5CcYKKFPFbb_ROaDJoufhiQ,KR_6616002642
20,_1O5jqSv6G2HCwSFHatCtbBMfReAr7RKjUjI3uPXMVAbMnczS8_IMnh5CcYKKFPFbb_ROaDJoufhiQ,KR_6615930685
21,_1O5jqSv6G2HCwSFHatCtbBMfReAr7RKjUjI3uPXMVAbMnczS8_IMnh5CcYKKFPFbb_ROaDJoufhiQ,KR_6615868998
22,_1O5jqSv6G2HCwSFHatCtbBMfReAr7RKjUjI3uPXMVAbMnczS8_IMnh5CcYKKFPFbb_ROaDJoufhiQ,KR_6615657336
23,_1O5jqSv6G2HCwSFHatCtbBMfReAr7RKjUjI3uPXMVAbMnczS8_IMnh5CcYKKFPFbb_ROaDJoufhiQ,KR_6615591900
24,_1O5jqSv6G2HCwSFHatCtbBMfReAr7RKjUjI3uPXMVAbMnczS8_IMnh5CcYKKFPFbb_ROaDJoufhiQ,KR_6615536673
25,_1O5jqSv6G2HCwSFHatCtbBMfReAr7RKjUjI3uPXMVAbMnczS8_IMnh5CcYKKFPFbb_ROaDJoufhiQ,KR_6615479994
26,_1O5jqSv6G2HCwSFHatCtbBMfReAr7RKjUjI3uPXMVAbMnczS8_IMnh5CcYKKFPFbb_ROaDJoufhiQ,KR_6615434054
27,_1O5jqSv6G2HCwSFHatCtbBMfReAr7RKjUjI3uPXMVAbMnczS8_IMnh5CcYKKFPFbb_ROaDJoufhiQ,KR_6615376361
28,_1O5jqSv6G2HCwSFHatCtbBMfReAr7RKjUjI3uPXMVAbMnczS8_IMnh5CcYKKFPFbb_ROaDJoufhiQ,KR_6614871297
29,_1O5jqSv6G2HCwSFHatCtbBMfReAr7RKjUjI3uPXMVAbMnczS8_IMnh5CcYKKFPFbb_ROaDJoufhiQ,KR_6614808265
30,_1O5jqSv6G2HCwSFHatCtbBMfReAr7RKjUjI3uPXMVAbMnczS8_IMnh5CcYKKFPFbb_ROaDJoufhiQ,KR_6614741615
31,_1O5jqSv6G2HCwSFHatCtbBMfReAr7RKjUjI3uPXMVAbMnczS8_IMnh5CcYKKFPFbb_ROaDJoufhiQ,KR_6614644954
32,_1O5jqSv6G2HCwSFHatCtbBMfReAr7RKjUjI3uPXMVAbMnczS8_IMnh5CcYKKFPFbb_ROaDJoufhiQ,KR_6614547127
33,_1O5jqSv6G2HCwSFHatCtbBMfReAr7RKjUjI3uPXMVAbMnczS8_IMnh5CcYKKFPFbb_ROaDJoufhiQ,KR_6614419290
34,_1O5jqSv6G2HCwSFHatCtbBMfReAr7RKjUjI3uPXMVAbMnczS8_IMnh5CcYKKFPFbb_ROaDJoufhiQ,KR_6614263984
35,_1O5jqSv6G2HCwSFHatCtbBMfReAr7RKjUjI3uPXMVAbMnczS8_IMnh5CcYKKFPFbb_ROaDJoufhiQ,KR_6614201446
36,_1O5jqSv6G2HCwSFHatCtbBMfReAr7RKjUjI3uPXMVAbMnczS8_IMnh5CcYKKFPFbb_ROaDJoufhiQ,KR_6614118185
37,_1O5jqSv6G2HCwSFHatCtbBMfReAr7RKjUjI3uPXMVAbMnczS8_IMnh5CcYKKFPFbb_ROaDJoufhiQ,KR_6614035356
38,_1O5jqSv6G2HCwSFHatCtbBMfReAr7RKjUjI3uPXMVAbMnczS8_IMnh5CcYKKFPFbb_ROaDJoufhiQ,KR_6613977250
39,_1O5jqSv6G2HCwSFHatCtbBMfReAr7RKjUjI3uPXMVAbMnczS8_IMnh5CcYKKFPFbb_ROaDJoufhiQ,KR_6613922082
40,_1O5jqSv6G2HCwSFHatCtbBMfReAr7RKjUjI3uPXMVAbMnczS8_IMnh5CcYKKFPFbb_ROaDJoufhiQ,KR_6613862791
41,_1O5jqSv6G2HCwSFHatCtbBMfReAr7RKjUjI3uPXMVAbMnczS8_IMnh5CcYKKFPFbb_ROaDJoufhiQ,KR_6613809491
42,_1O5jqSv6G2HCwSFHatCtbBMfReAr7RKjUjI3uPXMVAbMnczS8_IMnh5CcYKKFPFbb_ROaDJoufhiQ,KR_6613552852
43,_1O5jqSv6G2HCwSFHatCtbBMfReAr7RKjUjI3uPXMVAbMnczS8_IMnh5CcYKKFPFbb_ROaDJoufhiQ,KR_6613521609
44,_1O5jqSv6G2HCwSFHatCtbBMfReAr7RKjUjI3uPXMVAbMnczS8_IMnh5CcYKKFPFbb_ROaDJoufhiQ,KR_6613475202
45,_1O5jqSv6G2HCwSFHatCtbBMfReAr7RKjUjI3uPXMVAbMnczS8_IMnh5CcYKKFPFbb_ROaDJoufhiQ,KR_6613084791
46,_1O5jqSv6G2HCwSFHatCtbBMfReAr7RKjUjI3uPXMVAbMnczS8_IMnh5CcYKKFPFbb_ROaDJoufhiQ,KR_6613058708
47,_1O5jqSv6G2HCwSFHatCtbBMfReAr7RKjUjI3uPXMVAbMnczS8_IMnh5CcYKKFPFbb_ROaDJoufhiQ,KR_6613022541
48,_1O5jqSv6G2HCwSFHatCtbBMfReAr7RKjUjI3uPXMVAbMnczS8_IMnh5CcYKKFPFbb_ROaDJoufhiQ,KR_6612973864
49,_1O5jqSv6G2HCwSFHatCtbBMfReAr7RKjUjI3uPXMVAbMnczS8_IMnh5CcYKKFPFbb_ROaDJoufhiQ,KR_6612916230
50,_1O5jqSv6G2HCwSFHatCtbBMfReAr7RKjUjI3uPXMVAbMnczS8_IMnh5CcYKKFPFbb_ROaDJoufhiQ,KR_6612604168
51,_1O5jqSv6G2HCwSFHatCtbBMfReAr7RKjUjI3uPXMVAbMnczS8_IMnh5CcYKKFPFbb_ROaDJoufhiQ,KR_6612493758
52,_1O5jqSv6G2HCwSFHatCtbBMfReAr7RKjUjI3uPXMVAbMnczS8_IMnh5CcYKKFPFbb_ROaDJoufhiQ,KR_6612441517
53,_1O5jqSv6G2HCwSFHatCtbBMfReAr7RKjUjI3uPXMVAbMnczS8_IMnh5CcYKKFPFbb_ROaDJoufhiQ,KR_6612337713
54,_1O5jqSv6G2HCwSFHatCtbBMfReAr7RKjUjI3uPXMVAbMnczS8_IMnh5CcYKKFPFbb_ROaDJoufhiQ,KR_6612262069
55,_1O5jqSv6G2HCwSFHatCtbBMfReAr7RKjUjI3uPXMVAbMnczS8_IMnh5CcYKKFPFbb_ROaDJoufhiQ,KR_6612169427
56,_1O5jqSv6G2HCwSFHatCtbBMfReAr7RKjUjI3uPXMVAbMnczS8_IMnh5CcYKKFPFbb_ROaDJoufhiQ,KR_6612103728
57,_1O5jqSv6G2HCwSFHatCtbBMfReAr7RKjUjI3uPXMVAbMnczS8_IMnh5CcYKKFPFbb_ROaDJoufhiQ,KR_6612025508
58,_1O5jqSv6G2HCwSFHatCtbBMfReAr7RKjUjI3uPXMVAbMnczS8_IMnh5CcYKKFPFbb_ROaDJoufhiQ,KR_6611985087
59,_1O5jqSv6G2HCwSFHatCtbBMfReAr7RKjUjI3uPXMVAbMnczS8_IMnh5CcYKKFPFbb_ROaDJoufhiQ,KR_6611867477
60,_1O5jqSv6G2HCwSFHatCtbBMfReAr7RKjUjI3uPXMVAbMnczS8_IMnh5CcYKKFPFbb_ROaDJoufhiQ,KR_6611818028
61,_1O5jqSv6G2HCwSFHatCtbBMfReAr7RKjUjI3uPXMVAbMnczS8_IMnh5CcYKKFPFbb_ROaDJoufhiQ,KR_6611766602
62,_1O5jqSv6G2HCwSFHatCtbBMfReAr7RKjUjI3uPXMVAbMnczS8_IMnh5CcYKKFPFbb_ROaDJoufhiQ,KR_6611730340
63,_1O5jqSv6G2HCwSFHatCtbBMfReAr7RKjUjI3uPXMVAbMnczS8_IMnh5CcYKKFPFbb_ROaDJoufhiQ,KR_6611682428
64,_1O5jqSv6G2HCwSFHatCtbBMfReAr7RKjUjI3uPXMVAbMnczS8_IMnh5CcYKKFPFbb_ROaDJoufhiQ,KR_6611649568
65,_1O5jqSv6G2HCwSFHatCtbBMfReAr7RKjUjI3uPXMVAbMnczS8_IMnh5CcYKKFPFbb_ROaDJoufhiQ,KR_6611136122
66,_1O5jqSv6G2HCwSFHatCtbBMfReAr7RKjUjI3uPXMVAbMnczS8_IMnh5CcYKKFPFbb_ROaDJoufhiQ,KR_6611095659
67,_1O5jqSv6G2HCwSFHatCtbBMfReAr7RKjUjI3uPXMVAbMnczS8_IMnh5CcYKKFPFbb_ROaDJoufhiQ,KR_6611043007
68,_1O5jqSv6G2HCwSFHatCtbBMfReAr7RKjUjI3uPXMVAbMnczS8_IMnh5CcYKKFPFbb_ROaDJoufhiQ,KR_6610987600
69,_1O5jqSv6G2HCwSFHatCtbBMfReAr7RKjUjI3uPXMVAbMnczS8_IMnh5CcYKKFPFbb_ROaDJoufhiQ,KR_6610941687
70,_1O5jqSv6G2HCwSFHatCtbBMfReAr7RKjUjI3uPXMVAbMnczS8_IMnh5CcYKKFPFbb_ROaDJoufhiQ,KR_6610793837
71,_1O5jqSv6G2HCwSFHatCtbBMfReAr7RKjUjI3uPXMVAbMnczS8_IMnh5CcYKKFPFbb_ROaDJoufhiQ,KR_6610634524
72,_1O5jqSv6G2HCwSFHatCtbBMfReAr7RKjUjI3uPXMVAbMnczS8_IMnh5CcYKKFPFbb_ROaDJoufhiQ,KR_6610534486
73,_1O5jqSv6G2HCwSFHatCtbBMfReAr7RKjUjI3uPXMVAbMnczS8_IMnh5CcYKKFPFbb_ROaDJoufhiQ,KR_6610420026
74,_1O5jqSv6G2HCwSFHatCtbBMfReAr7RKjUjI3uPXMVAbMnczS8_IMnh5CcYKKFPFbb_ROaDJoufhiQ,KR_6610322666
75,_1O5jqSv6G2HCwSFHatCtbBMfReAr7RKjUjI3uPXMVAbMnczS8_IMnh5CcYKKFPFbb_ROaDJoufhiQ,KR_6610243986
76,_1O5jqSv6G2HCwSFHatCtbBMfReAr7RKjUjI3uPXMVAbMnczS8_IMnh5CcYKKFPFbb_ROaDJoufhiQ,KR_6609972104
77,_1O5jqSv6G2HCwSFHatCtbBMfReAr7RKjUjI3uPXMVAbMnczS8_IMnh5CcYKKFPFbb_ROaDJoufhiQ,KR_6609891359
78,_1O5jqSv6G2HCwSFHatCtbBMfReAr7RKjUjI3uPXMVAbMnczS8_IMnh5CcYKKFPFbb_ROaDJoufhiQ,KR_6609766980
79,_1O5jqSv6G2HCwSFHatCtbBMfReAr7RKjUjI3uPXMVAbMnczS8_IMnh5CcYKKFPFbb_ROaDJoufhiQ,KR_6609708893
80,_1O5jqSv6G2HCwSFHatCtbBMfReAr7RKjUjI3uPXMVAbMnczS8_IMnh5CcYKKFPFbb_ROaDJoufhiQ,KR_6609619158
81,_1O5jqSv6G2HCwSFHatCtbBMfReAr7RKjUjI3uPXMVAbMnczS8_IMnh5CcYKKFPFbb_ROaDJoufhiQ,KR_6608686344
82,_1O5jqSv6G2HCwSFHatCtbBMfReAr7RKjUjI3uPXMVAbMnczS8_IMnh5CcYKKFPFbb_ROaDJoufhiQ,KR_6608616883
83,_1O5jqSv6G2HCwSFHatCtbBMfReAr7RKjUjI3uPXMVAbMnczS8_IMnh5CcYKKFPFbb_ROaDJoufhiQ,KR_6608539075
84,_1O5jqSv6G2HCwSFHatCtbBMfReAr7RKjUjI3uPXMVAbMnczS8_IMnh5CcYKKFPFbb_ROaDJoufhiQ,KR_6608425237
85,_1O5jqSv6G2HCwSFHatCtbBMfReAr7RKjUjI3uPXMVAbMnczS8_IMnh5CcYKKFPFbb_ROaDJoufhiQ,KR_6608218617
86,_1O5jqSv6G2HCwSFHatCtbBMfReAr7RKjUjI3uPXMVAbMnczS8_IMnh5CcYKKFPFbb_ROaDJoufhiQ,KR_6608120823
87,_1O5jqSv6G2HCwSFHatCtbBMfReAr7RKjUjI3uPXMVAbMnczS8_IMnh5CcYKKFPFbb_ROaDJoufhiQ,KR_6608009238
88,_1O5jqSv6G2HCwSFHatCtbBMfReAr7RKjUjI3uPXMVAbMnczS8_IMnh5CcYKKFPFbb_ROaDJoufhiQ,KR_6607936075
89,_1O5jqSv6G2HCwSFHatCtbBMfReAr7RKjUjI3uPXMVAbMnczS8_IMnh5CcYKKFPFbb_ROaDJoufhiQ,KR_6607863078
90,_1O5jqSv6G2HCwSFHatCtbBMfReAr7RKjUjI3uPXMVAbMnczS8_IMnh5CcYKKFPFbb_ROaDJoufhiQ,KR_6607714977
91,_1O5jqSv6G2HCwSFHatCtbBMfReAr7RKjUjI3uPXMVAbMnczS8_IMnh5CcYKKFPFbb_ROaDJoufhiQ,KR_6607644510
92,_1O5jqSv6G2HCwSFHatCtbBMfReAr7RKjUjI3uPXMVAbMnczS8_IMnh5CcYKKFPFbb_ROaDJoufhiQ,KR_6607584573
93,_1O5jqSv6G2HCwSFHatCtbBMfReAr7RKjUjI3uPXMVAbMnczS8_IMnh5CcYKKFPFbb_ROaDJoufhiQ,KR_6607537406
94,_1O5jqSv6G2HCwSFHatCtbBMfReAr7RKjUjI3uPXMVAbMnczS8_IMnh5CcYKKFPFbb_ROaDJoufhiQ,KR_6607466430
95,_1O5jqSv6G2HCwSFHatCtbBMfReAr7RKjUjI3uPXMVAbMnczS8_IMnh5CcYKKFPFbb_ROaDJoufhiQ,KR_6607415014
96,_1O5jqSv6G2HCwSFHatCtbBMfReAr7RKjUjI3uPXMVAbMnczS8_IMnh5CcYKKFPFbb_ROaDJoufhiQ,KR_6607335124
97,_1O5jqSv6G2HCwSFHatCtbBMfReAr7RKjUjI3uPXMVAbMnczS8_IMnh5CcYKKFPFbb_ROaDJoufhiQ,KR_6607266947
98,_1O5jqSv6G2HCwSFHatCtbBMfReAr7RKjUjI3uPXMVAbMnczS8_IMnh5CcYKKFPFbb_ROaDJoufhiQ,KR_6607196884
99,_1O5jqSv6G2HCwSFHatCtbBMfReAr7RKjUjI3uPXMVAbMnczS8_IMnh5CcYKKFPFbb_ROaDJoufhiQ,KR_6607130094
100,zsw__wPgUFJxmpZhCIDWZvZFPgn3egmUakCm9OK1ecT5fE0iMKTFXtOZHBGQIaUhQxLzk-_3zUdA_Q,KR_6617807607
101,zsw__wPgUFJxmpZhCIDWZvZFPgn3egmUakCm9OK1ecT5fE0iMKTFXtOZHBGQIaUhQxLzk-_3zUdA_Q,KR_6617756320
102,zsw__wPgUFJxmpZhCIDWZvZFPgn3egmUakCm9OK1ecT5fE0iMKTFXtOZHBGQIaUhQxLzk-_3zUdA_Q,KR_6617699027
103,zsw__wPgUFJxmpZhCIDWZvZFPgn3egmUakCm9OK1ecT5fE0iMKTFXtOZHBGQIaUhQxLzk-_3zUdA_Q,KR_6617635153
104,zsw__wPgUFJxmpZhCIDWZvZFPgn3egmUakCm9OK1ecT5fE0iMKTFXtOZHBGQIaUhQxLzk-_3zUdA_Q,KR_6617541554
105,zsw__wPgUFJxmpZhCIDWZvZFPgn3egmUakCm9OK1ecT5fE0iMKTFXtOZHBGQIaUhQxLzk-_3zUdA_Q,KR_6617508115
106,zsw__wPgUFJxmpZhCIDWZvZFPgn3egmUakCm9OK1ecT5fE0iMKTFXtOZHBGQIaUhQxLzk-_3zUdA_Q,KR_6617427730
107,zsw__wPgUFJxmpZhCIDWZvZFPgn3egmUakCm9OK1ecT5fE0iMKTFXtOZHBGQIaUhQxLzk-_3zUdA_Q,KR_6617386437
108,zsw__wPgUFJxmpZhCIDWZvZFPgn3egmUakCm9OK1ecT5fE0iMKTFXtOZHBGQIaUhQxLzk-_3zUdA_Q,KR_6616866383
109,zsw__wPgUFJxmpZhCIDWZvZFPgn3egmUakCm9OK1ecT5fE0iMKTFXtOZHBGQIaUhQxLzk-_3zUdA_Q,KR_6616798782
110,zsw__wPgUFJxmpZhCIDWZvZFPgn3egmUakCm9OK1ecT5fE0iMKTFXtOZHBGQIaUhQxLzk-_3zUdA_Q,KR_6616673610
111,zsw__wPgUFJxmpZhCIDWZvZFPgn3egmUakCm9OK1ecT5fE0iMKTFXtOZHBGQIaUhQxLzk-_3zUdA_Q,KR_6616623120
112,zsw__wPgUFJxmpZhCIDWZvZFPgn3egmUakCm9OK1ecT5fE0iMKTFXtOZHBGQIaUhQxLzk-_3zUdA_Q,KR_6616473744
113,zsw__wPgUFJxmpZhCIDWZvZFPgn3egmUakCm9OK1ecT5fE0iMKTFXtOZHBGQIaUhQxLzk-_3zUdA_Q,KR_6616360828
114,zsw__wPgUFJxmpZhCIDWZvZFPgn3egmUakCm9OK1ecT5fE0iMKTFXtOZHBGQIaUhQxLzk-_3zUdA_Q,KR_6615934755
115,zsw__wPgUFJxmpZhCIDWZvZFPgn3egmUakCm9OK1ecT5fE0iMKTFXtOZHBGQIaUhQxLzk-_3zUdA_Q,KR_6615657336
116,zsw__wPgUFJxmpZhCIDWZvZFPgn3egmUakCm9OK1ecT5fE0iMKTFXtOZHBGQIaUhQxLzk-_3zUdA_Q,KR_6615065321
117,zsw__wPgUFJxmpZhCIDWZvZFPgn3egmUakCm9OK1ecT5fE0iMKTFXtOZHBGQIaUhQxLzk-_3zUdA_Q,KR_6615044560
118,zsw__wPgUFJxmpZhCIDWZvZFPgn3egmUakCm9OK1ecT5fE0iMKTFXtOZHBGQIaUhQxLzk-_3zUdA_Q,KR_6615025504
119,zsw__wPgUFJxmpZhCIDWZvZFPgn3egmUakCm9OK1ecT5fE0iMKTFXtOZHBGQIaUhQxLzk-_3zUdA_Q,KR_6614997369
120,zsw__wPgUFJxmpZhCIDWZvZFPgn3egmUakCm9OK1ecT5fE0iMKTFXtOZHBGQIaUhQxLzk-_3zUdA_Q,KR_6614970536
121,zsw__wPgUFJxmpZhCIDWZvZFPgn3egmUakCm9OK1ecT5fE0iMKTFXtOZHBGQIaUhQxLzk-_3zUdA_Q,KR_6614908939
122,zsw__wPgUFJxmpZhCIDWZvZFPgn3egmUakCm9OK1ecT5fE0iMKTFXtOZHBGQIaUhQxLzk-_3zUdA_Q,KR_6614884558
123,zsw__wPgUFJxmpZhCIDWZvZFPgn3egmUakCm9OK1ecT5fE0iMKTFXtOZHBGQIaUhQxLzk-_3zUdA_Q,KR_6614827386
124,zsw__wPgUFJxmpZhCIDWZvZFPgn3egmUakCm9OK1ecT5fE0iMKTFXtOZHBGQIaUhQxLzk-_3zUdA_Q,KR_6614591061
125,zsw__wPgUFJxmpZhCIDWZvZFPgn3egmUakCm9OK1ecT5fE0iMKTFXtOZHBGQIaUhQxLzk-_3zUdA_Q,KR_6614505781
126,zsw__wPgUFJxmpZhCIDWZvZFPgn3egmUakCm9OK1ecT5fE0iMKTFXtOZHBGQIaUhQxLzk-_3zUdA_Q,KR_6614391941
127,zsw__wPgUFJxmpZhCIDWZvZFPgn3egmUakCm9OK1ecT5fE0iMKTFXtOZHBGQIaUhQxLzk-_3zUdA_Q,KR_6614263984
128,zsw__wPgUFJxmpZhCIDWZvZFPgn3egmUakCm9OK1ecT5fE0iMKTFXtOZHBGQIaUhQxLzk-_3zUdA_Q,KR_6614201446
129,zsw__wPgUFJxmpZhCIDWZvZFPgn3egmUakCm9OK1ecT5fE0iMKTFXtOZHBGQIaUhQxLzk-_3zUdA_Q,KR_6614103248
130,zsw__wPgUFJxmpZhCIDWZvZFPgn3egmUakCm9OK1ecT5fE0iMKTFXtOZHBGQIaUhQxLzk-_3zUdA_Q,KR_6613992475
131,zsw__wPgUFJxmpZhCIDWZvZFPgn3egmUakCm9OK1ecT5fE0iMKTFXtOZHBGQIaUhQxLzk-_3zUdA_Q,KR_6613941315
132,zsw__wPgUFJxmpZhCIDWZvZFPgn3egmUakCm9OK1ecT5fE0iMKTFXtOZHBGQIaUhQxLzk-_3zUdA_Q,KR_6613889796
133,zsw__wPgUFJxmpZhCIDWZvZFPgn3egmUakCm9OK1ecT5fE0iMKTFXtOZHBGQIaUhQxLzk-_3zUdA_Q,KR_6613843354
134,zsw__wPgUFJxmpZhCIDWZvZFPgn3egmUakCm9OK1ecT5fE0iMKTFXtOZHBGQIaUhQxLzk-_3zUdA_Q,KR_6613779124
135,zsw__wPgUFJxmpZhCIDWZvZFPgn3egmUakCm9OK1ecT5fE0iMKTFXtOZHBGQIaUhQxLzk-_3zUdA_Q,KR_6613211292
136,zsw__wPgUFJxmpZhCIDWZvZFPgn3egmUakCm9OK1ecT5fE0iMKTFXtOZHBGQIaUhQxLzk-_3zUdA_Q,KR_6613194470
137,zsw__wPgUFJxmpZhCIDWZvZFPgn3egmUakCm9OK1ecT5fE0iMKTFXtOZHBGQIaUhQxLzk-_3zUdA_Q,KR_6613181322
138,zsw__wPgUFJxmpZhCIDWZvZFPgn3egmUakCm9OK1ecT5fE0iMKTFXtOZHBGQIaUhQxLzk-_3zUdA_Q,KR_6613170412
139,zsw__wPgUFJxmpZhCIDWZvZFPgn3egmUakCm9OK1ecT5fE0iMKTFXtOZHBGQIaUhQxLzk-_3zUdA_Q,KR_6613151539
140,zsw__wPgUFJxmpZhCIDWZvZFPgn3egmUakCm9OK1ecT5fE0iMKTFXtOZHBGQIaUhQxLzk-_3zUdA_Q,KR_6613127651
141,zsw__wPgUFJxmpZhCIDWZvZFPgn3egmUakCm9OK1ecT5fE0iMKTFXtOZHBGQIaUhQxLzk-_3zUdA_Q,KR_6613039524
142,zsw__wPgUFJxmpZhCIDWZvZFPgn3egmUakCm9OK1ecT5fE0iMKTFXtOZHBGQIaUhQxLzk-_3zUdA_Q,KR_6612984047
143,zsw__wPgUFJxmpZhCIDWZvZFPgn3egmUakCm9OK1ecT5fE0iMKTFXtOZHBGQIaUhQxLzk-_3zUdA_Q,KR_6612899387
144,zsw__wPgUFJxmpZhCIDWZvZFPgn3egmUakCm9OK1ecT5fE0iMKTFXtOZHBGQIaUhQxLzk-_3zUdA_Q,KR_6612704204
145,zsw__wPgUFJxmpZhCIDWZvZFPgn3egmUakCm9OK1ecT5fE0iMKTFXtOZHBGQIaUhQxLzk-_3zUdA_Q,KR_6612607223
146,zsw__wPgUFJxmpZhCIDWZvZFPgn3egmUakCm9OK1ecT5fE0iMKTFXtOZHBGQIaUhQxLzk-_3zUdA_Q,KR_6612495401
147,zsw__wPgUFJxmpZhCIDWZvZFPgn3egmUakCm9OK1ecT5fE0iMKTFXtOZHBGQIaUhQxLzk-_3zUdA_Q,KR_6612376523
148,zsw__wPgUFJxmpZhCIDWZvZFPgn3egmUakCm9OK1ecT5fE0iMKTFXtOZHBGQIaUhQxLzk-_3zUdA_Q,KR_6612240852
149,zsw__wPgUFJxmpZhCIDWZvZFPgn3egmUakCm9OK1ecT5fE0iMKTFXtOZHBGQIaUhQxLzk-_3zUdA_Q,KR_6612161119
150,zsw__wPgUFJxmpZhCIDWZvZFPgn3egmUakCm9OK1ecT5fE0iMKTFXtOZHBGQIaUhQxLzk-_3zUdA_Q,KR_6612049696
151,zsw__wPgUFJxmpZhCIDWZvZFPgn3egmUakCm9OK1ecT5fE0iMKTFXtOZHBGQIaUhQxLzk-_3zUdA_Q,KR_6611970198
152,zsw__wPgUFJxmpZhCIDWZvZFPgn3egmUakCm9OK1ecT5fE0iMKTFXtOZHBGQIaUhQxLzk-_3zUdA_Q,KR_6611300685
153,zsw__wPgUFJxmpZhCIDWZvZFPgn3egmUakCm9OK1ecT5fE0iMKTFXtOZHBGQIaUhQxLzk-_3zUdA_Q,KR_6611290123
154,zsw__wPgUFJxmpZhCIDWZvZFPgn3egmUakCm9OK1ecT5fE0iMKTFXtOZHBGQIaUhQxLzk-_3zUdA_Q,KR_6611241903
155,zsw__wPgUFJxmpZhCIDWZvZFPgn3egmUakCm9OK1ecT5fE0iMKTFXtOZHBGQIaUhQxLzk-_3zUdA_Q,KR_6611224096
156,zsw__wPgUFJxmpZhCIDWZvZFPgn3egmUakCm9OK1ecT5fE0iMKTFXtOZHBGQIaUhQxLzk-_3zUdA_Q,KR_6611177127
157,zsw__wPgUFJxmpZhCIDWZvZFPgn3egmUakCm9OK1ecT5fE0iMKTFXtOZHBGQIaUhQxLzk-_3zUdA_Q,KR_6611145349
158,zsw__wPgUFJxmpZhCIDWZvZFPgn3egmUakCm9OK1ecT5fE0iMKTFXtOZHBGQIaUhQxLzk-_3zUdA_Q,KR_6610608364
159,zsw__wPgUFJxmpZhCIDWZvZFPgn3egmUakCm9OK1ecT5fE0iMKTFXtOZHBGQIaUhQxLzk-_3zUdA_Q,KR_6610447705
160,zsw__wPgUFJxmpZhCIDWZvZFPgn3egmUakCm9OK1ecT5fE0iMKTFXtOZHBGQIaUhQxLzk-_3zUdA_Q,KR_6610386127
161,zsw__wPgUFJxmpZhCIDWZvZFPgn3egmUakCm9OK1ecT5fE0iMKTFXtOZHBGQIaUhQxLzk-_3zUdA_Q,KR_6610269612
162,zsw__wPgUFJxmpZhCIDWZvZFPgn3egmUakCm9OK1ecT5fE0iMKTFXtOZHBGQIaUhQxLzk-_3zUdA_Q,KR_6610172295
163,zsw__wPgUFJxmpZhCIDWZvZFPgn3egmUakCm9OK1ecT5fE0iMKTFXtOZHBGQIaUhQxLzk-_3zUdA_Q,KR_6610018773
164,zsw__wPgUFJxmpZhCIDWZvZFPgn3egmUakCm9OK1ecT5fE0iMKTFXtOZHBGQIaUhQxLzk-_3zUdA_Q,KR_6609948106
165,zsw__wPgUFJxmpZhCIDWZvZFPgn3egmUakCm9OK1ecT5fE0iMKTFXtOZHBGQIaUhQxLzk-_3zUdA_Q,KR_6609858778
166,zsw__wPgUFJxmpZhCIDWZvZFPgn3egmUakCm9OK1ecT5fE0iMKTFXtOZHBGQIaUhQxLzk-_3zUdA_Q,KR_6609638224
167,zsw__wPgUFJxmpZhCIDWZvZFPgn3egmUakCm9OK1ecT5fE0iMKTFXtOZHBGQIaUhQxLzk-_3zUdA_Q,KR_6609551142
168,zsw__wPgUFJxmpZhCIDWZvZFPgn3egmUakCm9OK1ecT5fE0iMKTFXtOZHBGQIaUhQxLzk-_3zUdA_Q,KR_6608872967
169,zsw__wPgUFJxmpZhCIDWZvZFPgn3egmUakCm9OK1ecT5fE0iMKTFXtOZHBGQIaUhQxLzk-_3zUdA_Q,KR_6608860980
170,zsw__wPgUFJxmpZhCIDWZvZFPgn3egmUakCm9OK1ecT5fE0iMKTFXtOZHBGQIaUhQxLzk-_3zUdA_Q,KR_6608851854
171,zsw__wPgUFJxmpZhCIDWZvZFPgn3egmUakCm9OK1ecT5fE0iMKTFXtOZHBGQIaUhQxLzk-_3zUdA_Q,KR_6608842867
172,zsw__wPgUFJxmpZhCIDWZvZFPgn3egmUakCm9OK1ecT5fE0iMKTFXtOZHBGQIaUhQxLzk-_3zUdA_Q,KR_6608834268
173,zsw__wPgUFJxmpZhCIDWZvZFPgn3egmUakCm9OK1ecT5fE0iMKTFXtOZHBGQIaUhQxLzk-_3zUdA_Q,KR_6608810944
174,zsw__wPgUFJxmpZhCIDWZvZFPgn3egmUakCm9OK1ecT5fE0iMKTFXtOZHBGQIaUhQxLzk-_3zUdA_Q,KR_6608789755
175,zsw__wPgUFJxmpZhCIDWZvZFPgn3egmUakCm9OK1ecT5fE0iMKTFXtOZHBGQIaUhQxLzk-_3zUdA_Q,KR_6608763693
176,zsw__wPgUFJxmpZhCIDWZvZFPgn3egmUakCm9OK1ecT5fE0iMKTFXtOZHBGQIaUhQxLzk-_3zUdA_Q,KR_6608718211
177,zsw__wPgUFJxmpZhCIDWZvZFPgn3egmUakCm9OK1ecT5fE0iMKTFXtOZHBGQIaUhQxLzk-_3zUdA_Q,KR_6607393109
178,zsw__wPgUFJxmpZhCIDWZvZFPgn3egmUakCm9OK1ecT5fE0iMKTFXtOZHBGQIaUhQxLzk-_3zUdA_Q,KR_6607315238
179,zsw__wPgUFJxmpZhCIDWZvZFPgn3egmUakCm9OK1ecT5fE0iMKTFXtOZHBGQIaUhQxLzk-_3zUdA_Q,KR_6607256471
180,zsw__wPgUFJxmpZhCIDWZvZFPgn3egmUakCm9OK1ecT5fE0iMKTFXtOZHBGQIaUhQxLzk-_3zUdA_Q,KR_6607160446
181,zsw__wPgUFJxmpZhCIDWZvZFPgn3egmUakCm9OK1ecT5fE0iMKTFXtOZHBGQIaUhQxLzk-_3zUdA_Q,KR_6606394277
182,zsw__wPgUFJxmpZhCIDWZvZFPgn3egmUakCm9OK1ecT5fE0iMKTFXtOZHBGQIaUhQxLzk-_3zUdA_Q,KR_6606382248
183,zsw__wPgUFJxmpZhCIDWZvZFPgn3egmUakCm9OK1ecT5fE0iMKTFXtOZHBGQIaUhQxLzk-_3zUdA_Q,KR_6606359883
184,zsw__wPgUFJxmpZhCIDWZvZFPgn3egmUakCm9OK1ecT5fE0iMKTFXtOZHBGQIaUhQxLzk-_3zUdA_Q,KR_6606347537
185,zsw__wPgUFJxmpZhCIDWZvZFPgn3egmUakCm9OK1ecT5fE0iMKTFXtOZHBGQIaUhQxLzk-_3zUdA_Q,KR_6606287129
186,zsw__wPgUFJxmpZhCIDWZvZFPgn3egmUakCm9OK1ecT5fE0iMKTFXtOZHBGQIaUhQxLzk-_3zUdA_Q,KR_6606235827
187,zsw__wPgUFJxmpZhCIDWZvZFPgn3egmUakCm9OK1ecT5fE0iMKTFXtOZHBGQIaUhQxLzk-_3zUdA_Q,KR_6606189435
188,zsw__wPgUFJxmpZhCIDWZvZFPgn3egmUakCm9OK1ecT5fE0iMKTFXtOZHBGQIaUhQxLzk-_3zUdA_Q,KR_6606044664
189,zsw__wPgUFJxmpZhCIDWZvZFPgn3egmUakCm9OK1ecT5fE0iMKTFXtOZHBGQIaUhQxLzk-_3zUdA_Q,KR_6605888415
190,zsw__wPgUFJxmpZhCIDWZvZFPgn3egmUakCm9OK1ecT5fE0iMKTFXtOZHBGQIaUhQxLzk-_3zUdA_Q,KR_6605769770
191,zsw__wPgUFJxmpZhCIDWZvZFPgn3egmUakCm9OK1ecT5fE0iMKTFXtOZHBGQIaUhQxLzk-_3zUdA_Q,KR_6605694229
192,zsw__wPgUFJxmpZhCIDWZvZFPgn3egmUakCm9OK1ecT5fE0iMKTFXtOZHBGQIaUhQxLzk-_3zUdA_Q,KR_6605549614
193,zsw__wPgUFJxmpZhCIDWZvZFPgn3egmUakCm9OK1ecT5fE0iMKTFXtOZHBGQIaUhQxLzk-_3zUdA_Q,KR_6605464722
194,zsw__wPgUFJxmpZhCIDWZvZFPgn3egmUakCm9OK1ecT5fE0iMKTFXtOZHBGQIaUhQxLzk-_3zUdA_Q,KR_6605371214
195,zsw__wPgUFJxmpZhCIDWZvZFPgn3egmUakCm9OK1ecT5fE0iMKTFXtOZHBGQIaUhQxLzk-_3zUdA_Q,KR_6605259840
196,zsw__wPgUFJxmpZhCIDWZvZFPgn3egmUakCm9OK1ecT5fE0iMKTFXtOZHBGQIaUhQxLzk-_3zUdA_Q,KR_6605150244
197,zsw__wPgUFJxmpZhCIDWZvZFPgn3egmUakCm9OK1ecT5fE0iMKTFXtOZHBGQIaUhQxLzk-_3zUdA_Q,KR_6604683472
198,zsw__wPgUFJxmpZhCIDWZvZFPgn3egmUakCm9OK1ecT5fE0iMKTFXtOZHBGQIaUhQxLzk-_3zUdA_Q,KR_6604088744
199,zsw__wPgUFJxmpZhCIDWZvZFPgn3egmUakCm9OK1ecT5fE0iMKTFXtOZHBGQIaUhQxLzk-_3zUdA_Q,KR_6603870805
200,I28BftgMN1S57LZMy3THXvX4xZMXtmS7MBZGGENgxAiLVlR0t_Y4OuXGfSrlOZ1rFz7tIbyh63ZTag,KR_6619134396
201,I28BftgMN1S57LZMy3THXvX4xZMXtmS7MBZGGENgxAiLVlR0t_Y4OuXGfSrlOZ1rFz7tIbyh63ZTag,KR_6619077707
202,I28BftgMN1S57LZMy3THXvX4xZMXtmS7MBZGGENgxAiLVlR0t_Y4OuXGfSrlOZ1rFz7tIbyh63ZTag,KR_6618990436
203,I28BftgMN1S57LZMy3THXvX4xZMXtmS7MBZGGENgxAiLVlR0t_Y4OuXGfSrlOZ1rFz7tIbyh63ZTag,KR_6618955218
204,I28BftgMN1S57LZMy3THXvX4xZMXtmS7MBZGGENgxAiLVlR0t_Y4OuXGfSrlOZ1rFz7tIbyh63ZTag,KR_6618920085
205,I28BftgMN1S57LZMy3THXvX4xZMXtmS7MBZGGENgxAiLVlR0t_Y4OuXGfSrlOZ1rFz7tIbyh63ZTag,KR_6618875738
206,I28BftgMN1S57LZMy3THXvX4xZMXtmS7MBZGGENgxAiLVlR0t_Y4OuXGfSrlOZ1rFz7tIbyh63ZTag,KR_6618845182
207,I28BftgMN1S57LZMy3THXvX4xZMXtmS7MBZGGENgxAiLVlR0t_Y4OuXGfSrlOZ1rFz7tIbyh63ZTag,KR_6615381639
208,I28BftgMN1S57LZMy3THXvX4xZMXtmS7MBZGGENgxAiLVlR0t_Y4OuXGfSrlOZ1rFz7tIbyh63ZTag,KR_6615337890
209,I28BftgMN1S57LZMy3THXvX4xZMXtmS7MBZGGENgxAiLVlR0t_Y4OuXGfSrlOZ1rFz7tIbyh63ZTag,KR_6615183846
210,I28BftgMN1S57LZMy3THXvX4xZMXtmS7MBZGGENgxAiLVlR0t_Y4OuXGfSrlOZ1rFz7tIbyh63ZTag,KR_6615153585
211,I28BftgMN1S57LZMy3THXvX4xZMXtmS7MBZGGENgxAiLVlR0t_Y4OuXGfSrlOZ1rFz7tIbyh63ZTag,KR_6615131711
212,I28BftgMN1S57LZMy3THXvX4xZMXtmS7MBZGGENgxAiLVlR0t_Y4OuXGfSrlOZ1rFz7tIbyh63ZTag,KR_6615108805
213,I28BftgMN1S57LZMy3THXvX4xZMXtmS7MBZGGENgxAiLVlR0t_Y4OuXGfSrlOZ1rFz7tIbyh63ZTag,KR_6614098935
214,I28BftgMN1S57LZMy3THXvX4xZMXtmS7MBZGGENgxAiLVlR0t_Y4OuXGfSrlOZ1rFz7tIbyh63ZTag,KR_6614062652
215,I28BftgMN1S57LZMy3THXvX4xZMXtmS7MBZGGENgxAiLVlR0t_Y4OuXGfSrlOZ1rFz7tIbyh63ZTag,KR_6614003634
216,I28BftgMN1S57LZMy3THXvX4xZMXtmS7MBZGGENgxAiLVlR0t_Y4OuXGfSrlOZ1rFz7tIbyh63ZTag,KR_6613978074
217,I28BftgMN1S57LZMy3THXvX4xZMXtmS7MBZGGENgxAiLVlR0t_Y4OuXGfSrlOZ1rFz7tIbyh63ZTag,KR_6613211292
218,I28BftgMN1S57LZMy3THXvX4xZMXtmS7MBZGGENgxAiLVlR0t_Y4OuXGfSrlOZ1rFz7tIbyh63ZTag,KR_6613194470
219,I28BftgMN1S57LZMy3THXvX4xZMXtmS7MBZGGENgxAiLVlR0t_Y4OuXGfSrlOZ1rFz7tIbyh63ZTag,KR_6613167967
220,I28BftgMN1S57LZMy3THXvX4xZMXtmS7MBZGGENgxAiLVlR0t_Y4OuXGfSrlOZ1rFz7tIbyh63ZTag,KR_6613145964
221,I28BftgMN1S57LZMy3THXvX4xZMXtmS7MBZGGENgxAiLVlR0t_Y4OuXGfSrlOZ1rFz7tIbyh63ZTag,KR_6613127651
222,I28BftgMN1S57LZMy3THXvX4xZMXtmS7MBZGGENgxAiLVlR0t_Y4OuXGfSrlOZ1rFz7tIbyh63ZTag,KR_6613095828
223,I28BftgMN1S57LZMy3THXvX4xZMXtmS7MBZGGENgxAiLVlR0t_Y4OuXGfSrlOZ1rFz7tIbyh63ZTag,KR_6613071209
224,I28BftgMN1S57LZMy3THXvX4xZMXtmS7MBZGGENgxAiLVlR0t_Y4OuXGfSrlOZ1rFz7tIbyh63ZTag,KR_6612967040
225,I28BftgMN1S57LZMy3THXvX4xZMXtmS7MBZGGENgxAiLVlR0t_Y4OuXGfSrlOZ1rFz7tIbyh63ZTag,KR_6612911258
226,I28BftgMN1S57LZMy3THXvX4xZMXtmS7MBZGGENgxAiLVlR0t_Y4OuXGfSrlOZ1rFz7tIbyh63ZTag,KR_6612836752
227,I28BftgMN1S57LZMy3THXvX4xZMXtmS7MBZGGENgxAiLVlR0t_Y4OuXGfSrlOZ1rFz7tIbyh63ZTag,KR_6612773101
228,I28BftgMN1S57LZMy3THXvX4xZMXtmS7MBZGGENgxAiLVlR0t_Y4OuXGfSrlOZ1rFz7tIbyh63ZTag,KR_6612636409
229,I28BftgMN1S57LZMy3THXvX4xZMXtmS7MBZGGENgxAiLVlR0t_Y4OuXGfSrlOZ1rFz7tIbyh63ZTag,KR_6612495401
230,I28BftgMN1S57LZMy3THXvX4xZMXtmS7MBZGGENgxAiLVlR0t_Y4OuXGfSrlOZ1rFz7tIbyh63ZTag,KR_6612388926
231,I28BftgMN1S57LZMy3THXvX4xZMXtmS7MBZGGENgxAiLVlR0t_Y4OuXGfSrlOZ1rFz7tIbyh63ZTag,KR_6611797054
232,I28BftgMN1S57LZMy3THXvX4xZMXtmS7MBZGGENgxAiLVlR0t_Y4OuXGfSrlOZ1rFz7tIbyh63ZTag,KR_6611697379
233,I28BftgMN1S57LZMy3THXvX4xZMXtmS7MBZGGENgxAiLVlR0t_Y4OuXGfSrlOZ1rFz7tIbyh63ZTag,KR_6611654323
234,I28BftgMN1S57LZMy3THXvX4xZMXtmS7MBZGGENgxAiLVlR0t_Y4OuXGfSrlOZ1rFz7tIbyh63ZTag,KR_6611580379
235,I28BftgMN1S57LZMy3THXvX4xZMXtmS7MBZGGENgxAiLVlR0t_Y4OuXGfSrlOZ1rFz7tIbyh63ZTag,KR_6611523241
236,I28BftgMN1S57LZMy3THXvX4xZMXtmS7MBZGGENgxAiLVlR0t_Y4OuXGfSrlOZ1rFz7tIbyh63ZTag,KR_6611471245
237,I28BftgMN1S57LZMy3THXvX4xZMXtmS7MBZGGENgxAiLVlR0t_Y4OuXGfSrlOZ1rFz7tIbyh63ZTag,KR_6611423719
238,I28BftgMN1S57LZMy3THXvX4xZMXtmS7MBZGGENgxAiLVlR0t_Y4OuXGfSrlOZ1rFz7tIbyh63ZTag,KR_6611386360
239,I28BftgMN1S57LZMy3THXvX4xZMXtmS7MBZGGENgxAiLVlR0t_Y4OuXGfSrlOZ1rFz7tIbyh63ZTag,KR_6611348932
240,I28BftgMN1S57LZMy3THXvX4xZMXtmS7MBZGGENgxAiLVlR0t_Y4OuXGfSrlOZ1rFz7tIbyh63ZTag,KR_6611337507
241,I28BftgMN1S57LZMy3THXvX4xZMXtmS7MBZGGENgxAiLVlR0t_Y4OuXGfSrlOZ1rFz7tIbyh63ZTag,KR_6611322124
242,I28BftgMN1S57LZMy3THXvX4xZMXtmS7MBZGGENgxAiLVlR0t_Y4OuXGfSrlOZ1rFz7tIbyh63ZTag,KR_6611311235
243,I28BftgMN1S57LZMy3THXvX4xZMXtmS7MBZGGENgxAiLVlR0t_Y4OuXGfSrlOZ1rFz7tIbyh63ZTag,KR_6611296686
244,I28BftgMN1S57LZMy3THXvX4xZMXtmS7MBZGGENgxAiLVlR0t_Y4OuXGfSrlOZ1rFz7tIbyh63ZTag,KR_6610906326
245,I28BftgMN1S57LZMy3THXvX4xZMXtmS7MBZGGENgxAiLVlR0t_Y4OuXGfSrlOZ1rFz7tIbyh63ZTag,KR_6610855517
246,I28BftgMN1S57LZMy3THXvX4xZMXtmS7MBZGGENgxAiLVlR0t_Y4OuXGfSrlOZ1rFz7tIbyh63ZTag,KR_6609579159
247,I28BftgMN1S57LZMy3THXvX4xZMXtmS7MBZGGENgxAiLVlR0t_Y4OuXGfSrlOZ1rFz7tIbyh63ZTag,KR_6609305852
248,I28BftgMN1S57LZMy3THXvX4xZMXtmS7MBZGGENgxAiLVlR0t_Y4OuXGfSrlOZ1rFz7tIbyh63ZTag,KR_6609257508
249,I28BftgMN1S57LZMy3THXvX4xZMXtmS7MBZGGENgxAiLVlR0t_Y4OuXGfSrlOZ1rFz7tIbyh63ZTag,KR_6609183292
250,I28BftgMN1S57LZMy3THXvX4xZMXtmS7MBZGGENgxAiLVlR0t_Y4OuXGfSrlOZ1rFz7tIbyh63ZTag,KR_6609115378
251,I28BftgMN1S57LZMy3THXvX4xZMXtmS7MBZGGENgxAiLVlR0t_Y4OuXGfSrlOZ1rFz7tIbyh63ZTag,KR_6609063715
252,I28BftgMN1S57LZMy3THXvX4xZMXtmS7MBZGGENgxAiLVlR0t_Y4OuXGfSrlOZ1rFz7tIbyh63ZTag,KR_6608976804
253,I28BftgMN1S57LZMy3THXvX4xZMXtmS7MBZGGENgxAiLVlR0t_Y4OuXGfSrlOZ1rFz7tIbyh63ZTag,KR_6608953431
254,I28BftgMN1S57LZMy3THXvX4xZMXtmS7MBZGGENgxAiLVlR0t_Y4OuXGfSrlOZ1rFz7tIbyh63ZTag,KR_6608916485
255,I28BftgMN1S57LZMy3THXvX4xZMXtmS7MBZGGENgxAiLVlR0t_Y4OuXGfSrlOZ1rFz7tIbyh63ZTag,KR_6608892245
256,I28BftgMN1S57LZMy3THXvX4xZMXtmS7MBZGGENgxAiLVlR0t_Y4OuXGfSrlOZ1rFz7tIbyh63ZTag,KR_6608841621
257,I28BftgMN1S57LZMy3THXvX4xZMXtmS7MBZGGENgxAiLVlR0t_Y4OuXGfSrlOZ1rFz7tIbyh63ZTag,KR_6608823584
258,I28BftgMN1S57LZMy3THXvX4xZMXtmS7MBZGGENgxAiLVlR0t_Y4OuXGfSrlOZ1rFz7tIbyh63ZTag,KR_6608789755
259,I28BftgMN1S57LZMy3THXvX4xZMXtmS7MBZGGENgxAiLVlR0t_Y4OuXGfSrlOZ1rFz7tIbyh63ZTag,KR_6608753592
260,I28BftgMN1S57LZMy3THXvX4xZMXtmS7MBZGGENgxAiLVlR0t_Y4OuXGfSrlOZ1rFz7tIbyh63ZTag,KR_6608732237
261,I28BftgMN1S57LZMy3THXvX4xZMXtmS7MBZGGENgxAiLVlR0t_Y4OuXGfSrlOZ1rFz7tIbyh63ZTag,KR_6608687040
262,I28BftgMN1S57LZMy3THXvX4xZMXtmS7MBZGGENgxAiLVlR0t_Y4OuXGfSrlOZ1rFz7tIbyh63ZTag,KR_6608619450
263,I28BftgMN1S57LZMy3THXvX4xZMXtmS7MBZGGENgxAiLVlR0t_Y4OuXGfSrlOZ1rFz7tIbyh63ZTag,KR_6608502586
264,I28BftgMN1S57LZMy3THXvX4xZMXtmS7MBZGGENgxAiLVlR0t_Y4OuXGfSrlOZ1rFz7tIbyh63ZTag,KR_6608439355
265,I28BftgMN1S57LZMy3THXvX4xZMXtmS7MBZGGENgxAiLVlR0t_Y4OuXGfSrlOZ1rFz7tIbyh63ZTag,KR_6608367693
266,I28BftgMN1S57LZMy3THXvX4xZMXtmS7MBZGGENgxAiLVlR0t_Y4OuXGfSrlOZ1rFz7tIbyh63ZTag,KR_6608279278
267,I28BftgMN1S57LZMy3THXvX4xZMXtmS7MBZGGENgxAiLVlR0t_Y4OuXGfSrlOZ1rFz7tIbyh63ZTag,KR_6608242566
268,I28BftgMN1S57LZMy3THXvX4xZMXtmS7MBZGGENgxAiLVlR0t_Y4OuXGfSrlOZ1rFz7tIbyh63ZTag,KR_6608123831
269,I28BftgMN1S57LZMy3THXvX4xZMXtmS7MBZGGENgxAiLVlR0t_Y4OuXGfSrlOZ1rFz7tIbyh63ZTag,KR_6607996510
270,I28BftgMN1S57LZMy3THXvX4xZMXtmS7MBZGGENgxAiLVlR0t_Y4OuXGfSrlOZ1rFz7tIbyh63ZTag,KR_6607858313
271,I28BftgMN1S57LZMy3THXvX4xZMXtmS7MBZGGENgxAiLVlR0t_Y4OuXGfSrlOZ1rFz7tIbyh63ZTag,KR_6607769826
272,I28BftgMN1S57LZMy3THXvX4xZMXtmS7MBZGGENgxAiLVlR0t_Y4OuXGfSrlOZ1rFz7tIbyh63ZTag,KR_6607703960
273,I28BftgMN1S57LZMy3THXvX4xZMXtmS7MBZGGENgxAiLVlR0t_Y4OuXGfSrlOZ1rFz7tIbyh63ZTag,KR_6607635595
274,I28BftgMN1S57LZMy3THXvX4xZMXtmS7MBZGGENgxAiLVlR0t_Y4OuXGfSrlOZ1rFz7tIbyh63ZTag,KR_6606395482
275,I28BftgMN1S57LZMy3THXvX4xZMXtmS7MBZGGENgxAiLVlR0t_Y4OuXGfSrlOZ1rFz7tIbyh63ZTag,KR_6606375449
276,I28BftgMN1S57LZMy3THXvX4xZMXtmS7MBZGGENgxAiLVlR0t_Y4OuXGfSrlOZ1rFz7tIbyh63ZTag,KR_6606362452
277,I28BftgMN1S57LZMy3THXvX4xZMXtmS7MBZGGENgxAiLVlR0t_Y4OuXGfSrlOZ1rFz7tIbyh63ZTag,KR_6606317813
278,I28BftgMN1S57LZMy3THXvX4xZMXtmS7MBZGGENgxAiLVlR0t_Y4OuXGfSrlOZ1rFz7tIbyh63ZTag,KR_6606293150
279,I28BftgMN1S57LZMy3THXvX4xZMXtmS7MBZGGENgxAiLVlR0t_Y4OuXGfSrlOZ1rFz7tIbyh63ZTag,KR_6606187249
280,I28BftgMN1S57LZMy3THXvX4xZMXtmS7MBZGGENgxAiLVlR0t_Y4OuXGfSrlOZ1rFz7tIbyh63ZTag,KR_6606121778
281,I28BftgMN1S57LZMy3THXvX4xZMXtmS7MBZGGENgxAiLVlR0t_Y4OuXGfSrlOZ1rFz7tIbyh63ZTag,KR_6606025538
282,I28BftgMN1S57LZMy3THXvX4xZMXtmS7MBZGGENgxAiLVlR0t_Y4OuXGfSrlOZ1rFz7tIbyh63ZTag,KR_6605893808
283,I28BftgMN1S57LZMy3THXvX4xZMXtmS7MBZGGENgxAiLVlR0t_Y4OuXGfSrlOZ1rFz7tIbyh63ZTag,KR_6605816892
284,I28BftgMN1S57LZMy3THXvX4xZMXtmS7MBZGGENgxAiLVlR0t_Y4OuXGfSrlOZ1rFz7tIbyh63ZTag,KR_6605697094
285,I28BftgMN1S57LZMy3THXvX4xZMXtmS7MBZGGENgxAiLVlR0t_Y4OuXGfSrlOZ1rFz7tIbyh63ZTag,KR_6605608183
286,I28BftgMN1S57LZMy3THXvX4xZMXtmS7MBZGGENgxAiLVlR0t_Y4OuXGfSrlOZ1rFz7tIbyh63ZTag,KR_6605513931
287,I28BftgMN1S57LZMy3THXvX4xZMXtmS7MBZGGENgxAiLVlR0t_Y4OuXGfSrlOZ1rFz7tIbyh63ZTag,KR_6605393757
288,I28BftgMN1S57LZMy3THXvX4xZMXtmS7MBZGGENgxAiLVlR0t_Y4OuXGfSrlOZ1rFz7tIbyh63ZTag,KR_6605265948
289,I28BftgMN1S57LZMy3THXvX4xZMXtmS7MBZGGENgxAiLVlR0t_Y4OuXGfSrlOZ1rFz7tIbyh63ZTag,KR_6605199832
290,I28BftgMN1S57LZMy3THXvX4xZMXtmS7MBZGGENgxAiLVlR0t_Y4OuXGfSrlOZ1rFz7tIbyh63ZTag,KR_6605167027
291,I28BftgMN1S57LZMy3THXvX4xZMXtmS7MBZGGENgxAiLVlR0t_Y4OuXGfSrlOZ1rFz7tIbyh63ZTag,KR_6605054830
292,I28BftgMN1S57LZMy3THXvX4xZMXtmS7MBZGGENgxAiLVlR0t_Y4OuXGfSrlOZ1rFz7tIbyh63ZTag,KR_6605017176
293,I28BftgMN1S57LZMy3THXvX4xZMXtmS7MBZGGENgxAiLVlR0t_Y4OuXGfSrlOZ1rFz7tIbyh63ZTag,KR_6604078619
294,I28BftgMN1S57LZMy3THXvX4xZMXtmS7MBZGGENgxAiLVlR0t_Y4OuXGfSrlOZ1rFz7tIbyh63ZTag,KR_6604054812
295,I28BftgMN1S57LZMy3THXvX4xZMXtmS7MBZGGENgxAiLVlR0t_Y4OuXGfSrlOZ1rFz7tIbyh63ZTag,KR_6604004689
296,I28BftgMN1S57LZMy3THXvX4xZMXtmS7MBZGGENgxAiLVlR0t_Y4OuXGfSrlOZ1rFz7tIbyh63ZTag,KR_6603955637
297,I28BftgMN1S57LZMy3THXvX4xZMXtmS7MBZGGENgxAiLVlR0t_Y4OuXGfSrlOZ1rFz7tIbyh63ZTag,KR_6603935199
298,I28BftgMN1S57LZMy3THXvX4xZMXtmS7MBZGGENgxAiLVlR0t_Y4OuXGfSrlOZ1rFz7tIbyh63ZTag,KR_6603870578
299,I28BftgMN1S57LZMy3THXvX4xZMXtmS7MBZGGENgxAiLVlR0t_Y4OuXGfSrlOZ1rFz7tIbyh63ZTag,KR_6603828810
300,Kpu9WKAYezIpRuHFaN0ztdqsK_So4rDO-TEhlPgH34FWYux6iP1a7RrDRud5H1kxDjSVkUXAvkAmjQ,KR_6618522514
301,Kpu9WKAYezIpRuHFaN0ztdqsK_So4rDO-TEhlPgH34FWYux6iP1a7RrDRud5H1kxDjSVkUXAvkAmjQ,KR_6617485876
302,Kpu9WKAYezIpRuHFaN0ztdqsK_So4rDO-TEhlPgH34FWYux6iP1a7RrDRud5H1kxDjSVkUXAvkAmjQ,KR_6616739166
303,Kpu9WKAYezIpRuHFaN0ztdqsK_So4rDO-TEhlPgH34FWYux6iP1a7RrDRud5H1kxDjSVkUXAvkAmjQ,KR_6616659970
304,Kpu9WKAYezIpRuHFaN0ztdqsK_So4rDO-TEhlPgH34FWYux6iP1a7RrDRud5H1kxDjSVkUXAvkAmjQ,KR_6616601517
305,Kpu9WKAYezIpRuHFaN0ztdqsK_So4rDO-TEhlPgH34FWYux6iP1a7RrDRud5H1kxDjSVkUXAvkAmjQ,KR_6616519902
306,Kpu9WKAYezIpRuHFaN0ztdqsK_So4rDO-TEhlPgH34FWYux6iP1a7RrDRud5H1kxDjSVkUXAvkAmjQ,KR_6616424616
307,Kpu9WKAYezIpRuHFaN0ztdqsK_So4rDO-TEhlPgH34FWYux6iP1a7RrDRud5H1kxDjSVkUXAvkAmjQ,KR_6615930685
308,Kpu9WKAYezIpRuHFaN0ztdqsK_So4rDO-TEhlPgH34FWYux6iP1a7RrDRud5H1kxDjSVkUXAvkAmjQ,KR_6615846896
309,Kpu9WKAYezIpRuHFaN0ztdqsK_So4rDO-TEhlPgH34FWYux6iP1a7RrDRud5H1kxDjSVkUXAvkAmjQ,KR_6615801948
310,Kpu9WKAYezIpRuHFaN0ztdqsK_So4rDO-TEhlPgH34FWYux6iP1a7RrDRud5H1kxDjSVkUXAvkAmjQ,KR_6615767344
311,Kpu9WKAYezIpRuHFaN0ztdqsK_So4rDO-TEhlPgH34FWYux6iP1a7RrDRud5H1kxDjSVkUXAvkAmjQ,KR_6615065321
312,Kpu9WKAYezIpRuHFaN0ztdqsK_So4rDO-TEhlPgH34FWYux6iP1a7RrDRud5H1kxDjSVkUXAvkAmjQ,KR_6615042957
313,Kpu9WKAYezIpRuHFaN0ztdqsK_So4rDO-TEhlPgH34FWYux6iP1a7RrDRud5H1kxDjSVkUXAvkAmjQ,KR_6615032797
314,Kpu9WKAYezIpRuHFaN0ztdqsK_So4rDO-TEhlPgH34FWYux6iP1a7RrDRud5H1kxDjSVkUXAvkAmjQ,KR_6614237977
315,Kpu9WKAYezIpRuHFaN0ztdqsK_So4rDO-TEhlPgH34FWYux6iP1a7RrDRud5H1kxDjSVkUXAvkAmjQ,KR_6614072249
316,Kpu9WKAYezIpRuHFaN0ztdqsK_So4rDO-TEhlPgH34FWYux6iP1a7RrDRud5H1kxDjSVkUXAvkAmjQ,KR_6613992475
317,Kpu9WKAYezIpRuHFaN0ztdqsK_So4rDO-TEhlPgH34FWYux6iP1a7RrDRud5H1kxDjSVkUXAvkAmjQ,KR_6613941315
318,Kpu9WKAYezIpRuHFaN0ztdqsK_So4rDO-TEhlPgH34FWYux6iP1a7RrDRud5H1kxDjSVkUXAvkAmjQ,KR_6612604168
319,Kpu9WKAYezIpRuHFaN0ztdqsK_So4rDO-TEhlPgH34FWYux6iP1a7RrDRud5H1kxDjSVkUXAvkAmjQ,KR_6612495401
320,Kpu9WKAYezIpRuHFaN0ztdqsK_So4rDO-TEhlPgH34FWYux6iP1a7RrDRud5H1kxDjSVkUXAvkAmjQ,KR_6612376523
321,Kpu9WKAYezIpRuHFaN0ztdqsK_So4rDO-TEhlPgH34FWYux6iP1a7RrDRud5H1kxDjSVkUXAvkAmjQ,KR_6612286685
322,Kpu9WKAYezIpRuHFaN0ztdqsK_So4rDO-TEhlPgH34FWYux6iP1a7RrDRud5H1kxDjSVkUXAvkAmjQ,KR_6612169427
323,Kpu9WKAYezIpRuHFaN0ztdqsK_So4rDO-TEhlPgH34FWYux6iP1a7RrDRud5H1kxDjSVkUXAvkAmjQ,KR_6612103728
324,Kpu9WKAYezIpRuHFaN0ztdqsK_So4rDO-TEhlPgH34FWYux6iP1a7RrDRud5H1kxDjSVkUXAvkAmjQ,KR_6612029799
325,Kpu9WKAYezIpRuHFaN0ztdqsK_So4rDO-TEhlPgH34FWYux6iP1a7RrDRud5H1kxDjSVkUXAvkAmjQ,KR_6611970198
326,Kpu9WKAYezIpRuHFaN0ztdqsK_So4rDO-TEhlPgH34FWYux6iP1a7RrDRud5H1kxDjSVkUXAvkAmjQ,KR_6611224096
327,Kpu9WKAYezIpRuHFaN0ztdqsK_So4rDO-TEhlPgH34FWYux6iP1a7RrDRud5H1kxDjSVkUXAvkAmjQ,KR_6610982400
328,Kpu9WKAYezIpRuHFaN0ztdqsK_So4rDO-TEhlPgH34FWYux6iP1a7RrDRud5H1kxDjSVkUXAvkAmjQ,KR_6610881899
329,Kpu9WKAYezIpRuHFaN0ztdqsK_So4rDO-TEhlPgH34FWYux6iP1a7RrDRud5H1kxDjSVkUXAvkAmjQ,KR_6610567753
330,Kpu9WKAYezIpRuHFaN0ztdqsK_So4rDO-TEhlPgH34FWYux6iP1a7RrDRud5H1kxDjSVkUXAvkAmjQ,KR_6610420026
331,Kpu9WKAYezIpRuHFaN0ztdqsK_So4rDO-TEhlPgH34FWYux6iP1a7RrDRud5H1kxDjSVkUXAvkAmjQ,KR_6610102919
332,Kpu9WKAYezIpRuHFaN0ztdqsK_So4rDO-TEhlPgH34FWYux6iP1a7RrDRud5H1kxDjSVkUXAvkAmjQ,KR_6609970354
333,Kpu9WKAYezIpRuHFaN0ztdqsK_So4rDO-TEhlPgH34FWYux6iP1a7RrDRud5H1kxDjSVkUXAvkAmjQ,KR_6609897331
334,Kpu9WKAYezIpRuHFaN0ztdqsK_So4rDO-TEhlPgH34FWYux6iP1a7RrDRud5H1kxDjSVkUXAvkAmjQ,KR_6609780253
335,Kpu9WKAYezIpRuHFaN0ztdqsK_So4rDO-TEhlPgH34FWYux6iP1a7RrDRud5H1kxDjSVkUXAvkAmjQ,KR_6609672826
336,Kpu9WKAYezIpRuHFaN0ztdqsK_So4rDO-TEhlPgH34FWYux6iP1a7RrDRud5H1kxDjSVkUXAvkAmjQ,KR_6608580787
337,Kpu9WKAYezIpRuHFaN0ztdqsK_So4rDO-TEhlPgH34FWYux6iP1a7RrDRud5H1kxDjSVkUXAvkAmjQ,KR_6608502586
338,Kpu9WKAYezIpRuHFaN0ztdqsK_So4rDO-TEhlPgH34FWYux6iP1a7RrDRud5H1kxDjSVkUXAvkAmjQ,KR_6608342940
339,Kpu9WKAYezIpRuHFaN0ztdqsK_So4rDO-TEhlPgH34FWYux6iP1a7RrDRud5H1kxDjSVkUXAvkAmjQ,KR_6608266652
340,Kpu9WKAYezIpRuHFaN0ztdqsK_So4rDO-TEhlPgH34FWYux6iP1a7RrDRud5H1kxDjSVkUXAvkAmjQ,KR_6608196845
341,Kpu9WKAYezIpRuHFaN0ztdqsK_So4rDO-TEhlPgH34FWYux6iP1a7RrDRud5H1kxDjSVkUXAvkAmjQ,KR_6607870439
342,Kpu9WKAYezIpRuHFaN0ztdqsK_So4rDO-TEhlPgH34FWYux6iP1a7RrDRud5H1kxDjSVkUXAvkAmjQ,KR_6607736830
343,Kpu9WKAYezIpRuHFaN0ztdqsK_So4rDO-TEhlPgH34FWYux6iP1a7RrDRud5H1kxDjSVkUXAvkAmjQ,KR_6607682374
344,Kpu9WKAYezIpRuHFaN0ztdqsK_So4rDO-TEhlPgH34FWYux6iP1a7RrDRud5H1kxDjSVkUXAvkAmjQ,KR_6607597848
345,Kpu9WKAYezIpRuHFaN0ztdqsK_So4rDO-TEhlPgH34FWYux6iP1a7RrDRud5H1kxDjSVkUXAvkAmjQ,KR_6607274154
346,Kpu9WKAYezIpRuHFaN0ztdqsK_So4rDO-TEhlPgH34FWYux6iP1a7RrDRud5H1kxDjSVkUXAvkAmjQ,KR_6606137375
347,Kpu9WKAYezIpRuHFaN0ztdqsK_So4rDO-TEhlPgH34FWYux6iP1a7RrDRud5H1kxDjSVkUXAvkAmjQ,KR_6606044664
348,Kpu9WKAYezIpRuHFaN0ztdqsK_So4rDO-TEhlPgH34FWYux6iP1a7RrDRud5H1kxDjSVkUXAvkAmjQ,KR_6605897941
349,Kpu9WKAYezIpRuHFaN0ztdqsK_So4rDO-TEhlPgH34FWYux6iP1a7RrDRud5H1kxDjSVkUXAvkAmjQ,KR_6605781484
350,Kpu9WKAYezIpRuHFaN0ztdqsK_So4rDO-TEhlPgH34FWYux6iP1a7RrDRud5H1kxDjSVkUXAvkAmjQ,KR_6605656432
351,Kpu9WKAYezIpRuHFaN0ztdqsK_So4rDO-TEhlPgH34FWYux6iP1a7RrDRud5H1kxDjSVkUXAvkAmjQ,KR_6605393757
352,Kpu9WKAYezIpRuHFaN0ztdqsK_So4rDO-TEhlPgH34FWYux6iP1a7RrDRud5H1kxDjSVkUXAvkAmjQ,KR_6605260721
353,Kpu9WKAYezIpRuHFaN0ztdqsK_So4rDO-TEhlPgH34FWYux6iP1a7RrDRud5H1kxDjSVkUXAvkAmjQ,KR_6605162907
354,Kpu9WKAYezIpRuHFaN0ztdqsK_So4rDO-TEhlPgH34FWYux6iP1a7RrDRud5H1kxDjSVkUXAvkAmjQ,KR_6605096142
355,Kpu9WKAYezIpRuHFaN0ztdqsK_So4rDO-TEhlPgH34FWYux6iP1a7RrDRud5H1kxDjSVkUXAvkAmjQ,KR_6605027557
356,Kpu9WKAYezIpRuHFaN0ztdqsK_So4rDO-TEhlPgH34FWYux6iP1a7RrDRud5H1kxDjSVkUXAvkAmjQ,KR_6604953547
357,Kpu9WKAYezIpRuHFaN0ztdqsK_So4rDO-TEhlPgH34FWYux6iP1a7RrDRud5H1kxDjSVkUXAvkAmjQ,KR_6604066609
358,Kpu9WKAYezIpRuHFaN0ztdqsK_So4rDO-TEhlPgH34FWYux6iP1a7RrDRud5H1kxDjSVkUXAvkAmjQ,KR_6604050616
359,Kpu9WKAYezIpRuHFaN0ztdqsK_So4rDO-TEhlPgH34FWYux6iP1a7RrDRud5H1kxDjSVkUXAvkAmjQ,KR_6604021266
360,Kpu9WKAYezIpRuHFaN0ztdqsK_So4rDO-TEhlPgH34FWYux6iP1a7RrDRud5H1kxDjSVkUXAvkAmjQ,KR_6603977989
361,Kpu9WKAYezIpRuHFaN0ztdqsK_So4rDO-TEhlPgH34FWYux6iP1a7RrDRud5H1kxDjSVkUXAvkAmjQ,KR_6603944255
362,Kpu9WKAYezIpRuHFaN0ztdqsK_So4rDO-TEhlPgH34FWYux6iP1a7RrDRud5H1kxDjSVkUXAvkAmjQ,KR_6603909294
363,Kpu9WKAYezIpRuHFaN0ztdqsK_So4rDO-TEhlPgH34FWYux6iP1a7RrDRud5H1kxDjSVkUXAvkAmjQ,KR_6603865868
364,Kpu9WKAYezIpRuHFaN0ztdqsK_So4rDO-TEhlPgH34FWYux6iP1a7RrDRud5H1kxDjSVkUXAvkAmjQ,KR_6603787590
365,Kpu9WKAYezIpRuHFaN0ztdqsK_So4rDO-TEhlPgH34FWYux6iP1a7RrDRud5H1kxDjSVkUXAvkAmjQ,KR_6603683818
366,Kpu9WKAYezIpRuHFaN0ztdqsK_So4rDO-TEhlPgH34FWYux6iP1a7RrDRud5H1kxDjSVkUXAvkAmjQ,KR_6603616344
367,Kpu9WKAYezIpRuHFaN0ztdqsK_So4rDO-TEhlPgH34FWYux6iP1a7RrDRud5H1kxDjSVkUXAvkAmjQ,KR_6603349343
368,Kpu9WKAYezIpRuHFaN0ztdqsK_So4rDO-TEhlPgH34FWYux6iP1a7RrDRud5H1kxDjSVkUXAvkAmjQ,KR_6603220229
369,Kpu9WKAYezIpRuHFaN0ztdqsK_So4rDO-TEhlPgH34FWYux6iP1a7RrDRud5H1kxDjSVkUXAvkAmjQ,KR_6603160572
370,Kpu9WKAYezIpRuHFaN0ztdqsK_So4rDO-TEhlPgH34FWYux6iP1a7RrDRud5H1kxDjSVkUXAvkAmjQ,KR_6603069876
371,Kpu9WKAYezIpRuHFaN0ztdqsK_So4rDO-TEhlPgH34FWYux6iP1a7RrDRud5H1kxDjSVkUXAvkAmjQ,KR_6602340530
372,Kpu9WKAYezIpRuHFaN0ztdqsK_So4rDO-TEhlPgH34FWYux6iP1a7RrDRud5H1kxDjSVkUXAvkAmjQ,KR_6602305922
373,Kpu9WKAYezIpRuHFaN0ztdqsK_So4rDO-TEhlPgH34FWYux6iP1a7RrDRud5H1kxDjSVkUXAvkAmjQ,KR_6602296290
374,Kpu9WKAYezIpRuHFaN0ztdqsK_So4rDO-TEhlPgH34FWYux6iP1a7RrDRud5H1kxDjSVkUXAvkAmjQ,KR_6602268351
375,Kpu9WKAYezIpRuHFaN0ztdqsK_So4rDO-TEhlPgH34FWYux6iP1a7RrDRud5H1kxDjSVkUXAvkAmjQ,KR_6602234448
376,Kpu9WKAYezIpRuHFaN0ztdqsK_So4rDO-TEhlPgH34FWYux6iP1a7RrDRud5H1kxDjSVkUXAvkAmjQ,KR_6602186834
377,Kpu9WKAYezIpRuHFaN0ztdqsK_So4rDO-TEhlPgH34FWYux6iP1a7RrDRud5H1kxDjSVkUXAvkAmjQ,KR_6602142485
378,Kpu9WKAYezIpRuHFaN0ztdqsK_So4rDO-TEhlPgH34FWYux6iP1a7RrDRud5H1kxDjSVkUXAvkAmjQ,KR_6602097069
379,Kpu9WKAYezIpRuHFaN0ztdqsK_So4rDO-TEhlPgH34FWYux6iP1a7RrDRud5H1kxDjSVkUXAvkAmjQ,KR_6601973275
380,Kpu9WKAYezIpRuHFaN0ztdqsK_So4rDO-TEhlPgH34FWYux6iP1a7RrDRud5H1kxDjSVkUXAvkAmjQ,KR_6601873362
381,Kpu9WKAYezIpRuHFaN0ztdqsK_So4rDO-TEhlPgH34FWYux6iP1a7RrDRud5H1kxDjSVkUXAvkAmjQ,KR_6601784509
382,Kpu9WKAYezIpRuHFaN0ztdqsK_So4rDO-TEhlPgH34FWYux6iP1a7RrDRud5H1kxDjSVkUXAvkAmjQ,KR_6601731401
383,Kpu9WKAYezIpRuHFaN0ztdqsK_So4rDO-TEhlPgH34FWYux6iP1a7RrDRud5H1kxDjSVkUXAvkAmjQ,KR_6601645581
384,Kpu9WKAYezIpRuHFaN0ztdqsK_So4rDO-TEhlPgH34FWYux6iP1a7RrDRud5H1kxDjSVkUXAvkAmjQ,KR_6601588265
385,Kpu9WKAYezIpRuHFaN0ztdqsK_So4rDO-TEhlPgH34FWYux6iP1a7RrDRud5H1kxDjSVkUXAvkAmjQ,KR_6601526386
386,Kpu9WKAYezIpRuHFaN0ztdqsK_So4rDO-TEhlPgH34FWYux6iP1a7RrDRud5H1kxDjSVkUXAvkAmjQ,KR_6601468326
387,Kpu9WKAYezIpRuHFaN0ztdqsK_So4rDO-TEhlPgH34FWYux6iP1a7RrDRud5H1kxDjSVkUXAvkAmjQ,KR_6601400285
388,Kpu9WKAYezIpRuHFaN0ztdqsK_So4rDO-TEhlPgH34FWYux6iP1a7RrDRud5H1kxDjSVkUXAvkAmjQ,KR_6601355095
389,Kpu9WKAYezIpRuHFaN0ztdqsK_So4rDO-TEhlPgH34FWYux6iP1a7RrDRud5H1kxDjSVkUXAvkAmjQ,KR_6601302844
390,Kpu9WKAYezIpRuHFaN0ztdqsK_So4rDO-TEhlPgH34FWYux6iP1a7RrDRud5H1kxDjSVkUXAvkAmjQ,KR_6601194759
391,Kpu9WKAYezIpRuHFaN0ztdqsK_So4rDO-TEhlPgH34FWYux6iP1a7RrDRud5H1kxDjSVkUXAvkAmjQ,KR_6598308129
392,Kpu9WKAYezIpRuHFaN0ztdqsK_So4rDO-TEhlPgH34FWYux6iP1a7RrDRud5H1kxDjSVkUXAvkAmjQ,KR_6598257858
393,Kpu9WKAYezIpRuHFaN0ztdqsK_So4rDO-TEhlPgH34FWYux6iP1a7RrDRud5H1kxDjSVkUXAvkAmjQ,KR_6598197486
394,Kpu9WKAYezIpRuHFaN0ztdqsK_So4rDO-TEhlPgH34FWYux6iP1a7RrDRud5H1kxDjSVkUXAvkAmjQ,KR_6597528473
395,Kpu9WKAYezIpRuHFaN0ztdqsK_So4rDO-TEhlPgH34FWYux6iP1a7RrDRud5H1kxDjSVkUXAvkAmjQ,KR_6597507922
396,Kpu9WKAYezIpRuHFaN0ztdqsK_So4rDO-TEhlPgH34FWYux6iP1a7RrDRud5H1kxDjSVkUXAvkAmjQ,KR_6597492467
397,Kpu9WKAYezIpRuHFaN0ztdqsK_So4rDO-TEhlPgH34FWYux6iP1a7RrDRud5H1kxDjSVkUXAvkAmjQ,KR_6597479193
398,Kpu9WKAYezIpRuHFaN0ztdqsK_So4rDO-TEhlPgH34FWYux6iP1a7RrDRud5H1kxDjSVkUXAvkAmjQ,KR_6597432760
399,Kpu9WKAYezIpRuHFaN0ztdqsK_So4rDO-TEhlPgH34FWYux6iP1a7RrDRud5H1kxDjSVkUXAvkAmjQ,KR_6597320978
400,dmr5LcTZCu8m1A1zIcTKa67ot9fpB9M_qEZfLEIxr-Bo2URSLqMZtUt1bGIOjNAkExJaXMB7FkeByg,KR_6619052015
401,dmr5LcTZCu8m1A1zIcTKa67ot9fpB9M_qEZfLEIxr-Bo2URSLqMZtUt1bGIOjNAkExJaXMB7FkeByg,KR_6618991212
402,dmr5LcTZCu8m1A1zIcTKa67ot9fpB9M_qEZfLEIxr-Bo2URSLqMZtUt1bGIOjNAkExJaXMB7FkeByg,KR_6618931959
403,dmr5LcTZCu8m1A1zIcTKa67ot9fpB9M_qEZfLEIxr-Bo2URSLqMZtUt1bGIOjNAkExJaXMB7FkeByg,KR_6618376971
404,dmr5LcTZCu8m1A1zIcTKa67ot9fpB9M_qEZfLEIxr-Bo2URSLqMZtUt1bGIOjNAkExJaXMB7FkeByg,KR_6618250887
405,dmr5LcTZCu8m1A1zIcTKa67ot9fpB9M_qEZfLEIxr-Bo2URSLqMZtUt1bGIOjNAkExJaXMB7FkeByg,KR_6618179146
406,dmr5LcTZCu8m1A1zIcTKa67ot9fpB9M_qEZfLEIxr-Bo2URSLqMZtUt1bGIOjNAkExJaXMB7FkeByg,KR_6618070207
407,dmr5LcTZCu8m1A1zIcTKa67ot9fpB9M_qEZfLEIxr-Bo2URSLqMZtUt1bGIOjNAkExJaXMB7FkeByg,KR_6617951408
408,dmr5LcTZCu8m1A1zIcTKa67ot9fpB9M_qEZfLEIxr-Bo2URSLqMZtUt1bGIOjNAkExJaXMB7FkeByg,KR_6617854908
409,dmr5LcTZCu8m1A1zIcTKa67ot9fpB9M_qEZfLEIxr-Bo2URSLqMZtUt1bGIOjNAkExJaXMB7FkeByg,KR_6617769939
410,dmr5LcTZCu8m1A1zIcTKa67ot9fpB9M_qEZfLEIxr-Bo2URSLqMZtUt1bGIOjNAkExJaXMB7FkeByg,KR_6617669740
411,dmr5LcTZCu8m1A1zIcTKa67ot9fpB9M_qEZfLEIxr-Bo2URSLqMZtUt1bGIOjNAkExJaXMB7FkeByg,KR_6617596929
412,dmr5LcTZCu8m1A1zIcTKa67ot9fpB9M_qEZfLEIxr-Bo2URSLqMZtUt1bGIOjNAkExJaXMB7FkeByg,KR_6617566410
413,dmr5LcTZCu8m1A1zIcTKa67ot9fpB9M_qEZfLEIxr-Bo2URSLqMZtUt1bGIOjNAkExJaXMB7FkeByg,KR_6617485876
414,dmr5LcTZCu8m1A1zIcTKa67ot9fpB9M_qEZfLEIxr-Bo2URSLqMZtUt1bGIOjNAkExJaXMB7FkeByg,KR_6617382262
415,dmr5LcTZCu8m1A1zIcTKa67ot9fpB9M_qEZfLEIxr-Bo2URSLqMZtUt1bGIOjNAkExJaXMB7FkeByg,KR_6617323290
416,dmr5LcTZCu8m1A1zIcTKa67ot9fpB9M_qEZfLEIxr-Bo2URSLqMZtUt1bGIOjNAkExJaXMB7FkeByg,KR_6617271788
417,dmr5LcTZCu8m1A1zIcTKa67ot9fpB9M_qEZfLEIxr-Bo2URSLqMZtUt1bGIOjNAkExJaXMB7FkeByg,KR_6617226644
418,dmr5LcTZCu8m1A1zIcTKa67ot9fpB9M_qEZfLEIxr-Bo2URSLqMZtUt1bGIOjNAkExJaXMB7FkeByg,KR_6617175210
419,dmr5LcTZCu8m1A1zIcTKa67ot9fpB9M_qEZfLEIxr-Bo2URSLqMZtUt1bGIOjNAkExJaXMB7FkeByg,KR_6617136730
420,dmr5LcTZCu8m1A1zIcTKa67ot9fpB9M_qEZfLEIxr-Bo2URSLqMZtUt1bGIOjNAkExJaXMB7FkeByg,KR_6616519902
421,dmr5LcTZCu8m1A1zIcTKa67ot9fpB9M_qEZfLEIxr-Bo2URSLqMZtUt1bGIOjNAkExJaXMB7FkeByg,KR_6616385138
422,dmr5LcTZCu8m1A1zIcTKa67ot9fpB9M_qEZfLEIxr-Bo2URSLqMZtUt1bGIOjNAkExJaXMB7FkeByg,KR_6616216793
423,dmr5LcTZCu8m1A1zIcTKa67ot9fpB9M_qEZfLEIxr-Bo2URSLqMZtUt1bGIOjNAkExJaXMB7FkeByg,KR_6615846896
424,dmr5LcTZCu8m1A1zIcTKa67ot9fpB9M_qEZfLEIxr-Bo2URSLqMZtUt1bGIOjNAkExJaXMB7FkeByg,KR_6615799627
425,dmr5LcTZCu8m1A1zIcTKa67ot9fpB9M_qEZfLEIxr-Bo2URSLqMZtUt1bGIOjNAkExJaXMB7FkeByg,KR_6615748760
426,dmr5LcTZCu8m1A1zIcTKa67ot9fpB9M_qEZfLEIxr-Bo2URSLqMZtUt1bGIOjNAkExJaXMB7FkeByg,KR_6615691644
427,dmr5LcTZCu8m1A1zIcTKa67ot9fpB9M_qEZfLEIxr-Bo2URSLqMZtUt1bGIOjNAkExJaXMB7FkeByg,KR_6615624101
428,dmr5LcTZCu8m1A1zIcTKa67ot9fpB9M_qEZfLEIxr-Bo2URSLqMZtUt1bGIOjNAkExJaXMB7FkeByg,KR_6615562055
429,dmr5LcTZCu8m1A1zIcTKa67ot9fpB9M_qEZfLEIxr-Bo2URSLqMZtUt1bGIOjNAkExJaXMB7FkeByg,KR_6615510028
430,dmr5LcTZCu8m1A1zIcTKa67ot9fpB9M_qEZfLEIxr-Bo2URSLqMZtUt1bGIOjNAkExJaXMB7FkeByg,KR_6615450089
431,dmr5LcTZCu8m1A1zIcTKa67ot9fpB9M_qEZfLEIxr-Bo2URSLqMZtUt1bGIOjNAkExJaXMB7FkeByg,KR_6615381639
432,dmr5LcTZCu8m1A1zIcTKa67ot9fpB9M_qEZfLEIxr-Bo2URSLqMZtUt1bGIOjNAkExJaXMB7FkeByg,KR_6615340398
433,dmr5LcTZCu8m1A1zIcTKa67ot9fpB9M_qEZfLEIxr-Bo2URSLqMZtUt1bGIOjNAkExJaXMB7FkeByg,KR_6614671107
434,dmr5LcTZCu8m1A1zIcTKa67ot9fpB9M_qEZfLEIxr-Bo2URSLqMZtUt1bGIOjNAkExJaXMB7FkeByg,KR_6614553699
435,dmr5LcTZCu8m1A1zIcTKa67ot9fpB9M_qEZfLEIxr-Bo2URSLqMZtUt1bGIOjNAkExJaXMB7FkeByg,KR_6614430977
436,dmr5LcTZCu8m1A1zIcTKa67ot9fpB9M_qEZfLEIxr-Bo2URSLqMZtUt1bGIOjNAkExJaXMB7FkeByg,KR_6614332615
437,dmr5LcTZCu8m1A1zIcTKa67ot9fpB9M_qEZfLEIxr-Bo2URSLqMZtUt1bGIOjNAkExJaXMB7FkeByg,KR_6614264959
438,dmr5LcTZCu8m1A1zIcTKa67ot9fpB9M_qEZfLEIxr-Bo2URSLqMZtUt1bGIOjNAkExJaXMB7FkeByg,KR_6614199672
439,dmr5LcTZCu8m1A1zIcTKa67ot9fpB9M_qEZfLEIxr-Bo2URSLqMZtUt1bGIOjNAkExJaXMB7FkeByg,KR_6614118185
440,dmr5LcTZCu8m1A1zIcTKa67ot9fpB9M_qEZfLEIxr-Bo2URSLqMZtUt1bGIOjNAkExJaXMB7FkeByg,KR_6613992475
441,dmr5LcTZCu8m1A1zIcTKa67ot9fpB9M_qEZfLEIxr-Bo2URSLqMZtUt1bGIOjNAkExJaXMB7FkeByg,KR_6613941315
442,dmr5LcTZCu8m1A1zIcTKa67ot9fpB9M_qEZfLEIxr-Bo2URSLqMZtUt1bGIOjNAkExJaXMB7FkeByg,KR_6613894621
443,dmr5LcTZCu8m1A1zIcTKa67ot9fpB9M_qEZfLEIxr-Bo2URSLqMZtUt1bGIOjNAkExJaXMB7FkeByg,KR_6613838569
444,dmr5LcTZCu8m1A1zIcTKa67ot9fpB9M_qEZfLEIxr-Bo2URSLqMZtUt1bGIOjNAkExJaXMB7FkeByg,KR_6613751923
445,dmr5LcTZCu8m1A1zIcTKa67ot9fpB9M_qEZfLEIxr-Bo2URSLqMZtUt1bGIOjNAkExJaXMB7FkeByg,KR_6613725152
446,dmr5LcTZCu8m1A1zIcTKa67ot9fpB9M_qEZfLEIxr-Bo2URSLqMZtUt1bGIOjNAkExJaXMB7FkeByg,KR_6613677291
447,dmr5LcTZCu8m1A1zIcTKa67ot9fpB9M_qEZfLEIxr-Bo2URSLqMZtUt1bGIOjNAkExJaXMB7FkeByg,KR_6613620459
448,dmr5LcTZCu8m1A1zIcTKa67ot9fpB9M_qEZfLEIxr-Bo2URSLqMZtUt1bGIOjNAkExJaXMB7FkeByg,KR_6613576094
449,dmr5LcTZCu8m1A1zIcTKa67ot9fpB9M_qEZfLEIxr-Bo2URSLqMZtUt1bGIOjNAkExJaXMB7FkeByg,KR_6613522104
450,dmr5LcTZCu8m1A1zIcTKa67ot9fpB9M_qEZfLEIxr-Bo2URSLqMZtUt1bGIOjNAkExJaXMB7FkeByg,KR_6613475552
451,dmr5LcTZCu8m1A1zIcTKa67ot9fpB9M_qEZfLEIxr-Bo2URSLqMZtUt1bGIOjNAkExJaXMB7FkeByg,KR_6613427792
452,dmr5LcTZCu8m1A1zIcTKa67ot9fpB9M_qEZfLEIxr-Bo2URSLqMZtUt1bGIOjNAkExJaXMB7FkeByg,KR_6612936765
453,dmr5LcTZCu8m1A1zIcTKa67ot9fpB9M_qEZfLEIxr-Bo2URSLqMZtUt1bGIOjNAkExJaXMB7FkeByg,KR_6612847981
454,dmr5LcTZCu8m1A1zIcTKa67ot9fpB9M_qEZfLEIxr-Bo2URSLqMZtUt1bGIOjNAkExJaXMB7FkeByg,KR_6612788497
455,dmr5LcTZCu8m1A1zIcTKa67ot9fpB9M_qEZfLEIxr-Bo2URSLqMZtUt1bGIOjNAkExJaXMB7FkeByg,KR_6612656608
456,dmr5LcTZCu8m1A1zIcTKa67ot9fpB9M_qEZfLEIxr-Bo2URSLqMZtUt1bGIOjNAkExJaXMB7FkeByg,KR_6612541367
457,dmr5LcTZCu8m1A1zIcTKa67ot9fpB9M_qEZfLEIxr-Bo2URSLqMZtUt1bGIOjNAkExJaXMB7FkeByg,KR_6612469121
458,dmr5LcTZCu8m1A1zIcTKa67ot9fpB9M_qEZfLEIxr-Bo2URSLqMZtUt1bGIOjNAkExJaXMB7FkeByg,KR_6612160382
459,dmr5LcTZCu8m1A1zIcTKa67ot9fpB9M_qEZfLEIxr-Bo2URSLqMZtUt1bGIOjNAkExJaXMB7FkeByg,KR_6612065762
460,dmr5LcTZCu8m1A1zIcTKa67ot9fpB9M_qEZfLEIxr-Bo2URSLqMZtUt1bGIOjNAkExJaXMB7FkeByg,KR_6612004169
461,dmr5LcTZCu8m1A1zIcTKa67ot9fpB9M_qEZfLEIxr-Bo2URSLqMZtUt1bGIOjNAkExJaXMB7FkeByg,KR_6611945101
462,dmr5LcTZCu8m1A1zIcTKa67ot9fpB9M_qEZfLEIxr-Bo2URSLqMZtUt1bGIOjNAkExJaXMB7FkeByg,KR_6611879585
463,dmr5LcTZCu8m1A1zIcTKa67ot9fpB9M_qEZfLEIxr-Bo2URSLqMZtUt1bGIOjNAkExJaXMB7FkeByg,KR_6611847178
464,dmr5LcTZCu8m1A1zIcTKa67ot9fpB9M_qEZfLEIxr-Bo2URSLqMZtUt1bGIOjNAkExJaXMB7FkeByg,KR_6611806012
465,dmr5LcTZCu8m1A1zIcTKa67ot9fpB9M_qEZfLEIxr-Bo2URSLqMZtUt1bGIOjNAkExJaXMB7FkeByg,KR_6611740002
466,dmr5LcTZCu8m1A1zIcTKa67ot9fpB9M_qEZfLEIxr-Bo2URSLqMZtUt1bGIOjNAkExJaXMB7FkeByg,KR_6611668610
467,dmr5LcTZCu8m1A1zIcTKa67ot9fpB9M_qEZfLEIxr-Bo2URSLqMZtUt1bGIOjNAkExJaXMB7FkeByg,KR_6611628188
468,dmr5LcTZCu8m1A1zIcTKa67ot9fpB9M_qEZfLEIxr-Bo2URSLqMZtUt1bGIOjNAkExJaXMB7FkeByg,KR_6611591241
469,dmr5LcTZCu8m1A1zIcTKa67ot9fpB9M_qEZfLEIxr-Bo2URSLqMZtUt1bGIOjNAkExJaXMB7FkeByg,KR_6610914486
470,dmr5LcTZCu8m1A1zIcTKa67ot9fpB9M_qEZfLEIxr-Bo2URSLqMZtUt1bGIOjNAkExJaXMB7FkeByg,KR_6610843267
471,dmr5LcTZCu8m1A1zIcTKa67ot9fpB9M_qEZfLEIxr-Bo2URSLqMZtUt1bGIOjNAkExJaXMB7FkeByg,KR_6610770113
472,dmr5LcTZCu8m1A1zIcTKa67ot9fpB9M_qEZfLEIxr-Bo2URSLqMZtUt1bGIOjNAkExJaXMB7FkeByg,KR_6610660783
473,dmr5LcTZCu8m1A1zIcTKa67ot9fpB9M_qEZfLEIxr-Bo2URSLqMZtUt1bGIOjNAkExJaXMB7FkeByg,KR_6610572340
474,dmr5LcTZCu8m1A1zIcTKa67ot9fpB9M_qEZfLEIxr-Bo2URSLqMZtUt1bGIOjNAkExJaXMB7FkeByg,KR_6610428406
475,dmr5LcTZCu8m1A1zIcTKa67ot9fpB9M_qEZfLEIxr-Bo2URSLqMZtUt1bGIOjNAkExJaXMB7FkeByg,KR_6610286709
476,dmr5LcTZCu8m1A1zIcTKa67ot9fpB9M_qEZfLEIxr-Bo2URSLqMZtUt1bGIOjNAkExJaXMB7FkeByg,KR_6610156318
477,dmr5LcTZCu8m1A1zIcTKa67ot9fpB9M_qEZfLEIxr-Bo2URSLqMZtUt1bGIOjNAkExJaXMB7FkeByg,KR_6610043844
478,dmr5LcTZCu8m1A1zIcTKa67ot9fpB9M_qEZfLEIxr-Bo2URSLqMZtUt1bGIOjNAkExJaXMB7FkeByg,KR_6609969705
479,dmr5LcTZCu8m1A1zIcTKa67ot9fpB9M_qEZfLEIxr-Bo2URSLqMZtUt1bGIOjNAkExJaXMB7FkeByg,KR_6609913903
480,dmr5LcTZCu8m1A1zIcTKa67ot9fpB9M_qEZfLEIxr-Bo2URSLqMZtUt1bGIOjNAkExJaXMB7FkeByg,KR_6609789871
481,dmr5LcTZCu8m1A1zIcTKa67ot9fpB9M_qEZfLEIxr-Bo2URSLqMZtUt1bGIOjNAkExJaXMB7FkeByg,KR_6609687807
482,dmr5LcTZCu8m1A1zIcTKa67ot9fpB9M_qEZfLEIxr-Bo2URSLqMZtUt1bGIOjNAkExJaXMB7FkeByg,KR_6609611776
483,dmr5LcTZCu8m1A1zIcTKa67ot9fpB9M_qEZfLEIxr-Bo2URSLqMZtUt1bGIOjNAkExJaXMB7FkeByg,KR_6609523158
484,dmr5LcTZCu8m1A1zIcTKa67ot9fpB9M_qEZfLEIxr-Bo2URSLqMZtUt1bGIOjNAkExJaXMB7FkeByg,KR_6609434548
485,dmr5LcTZCu8m1A1zIcTKa67ot9fpB9M_qEZfLEIxr-Bo2URSLqMZtUt1bGIOjNAkExJaXMB7FkeByg,KR_6609333678
486,dmr5LcTZCu8m1A1zIcTKa67ot9fpB9M_qEZfLEIxr-Bo2URSLqMZtUt1bGIOjNAkExJaXMB7FkeByg,KR_6609247776
487,dmr5LcTZCu8m1A1zIcTKa67ot9fpB9M_qEZfLEIxr-Bo2URSLqMZtUt1bGIOjNAkExJaXMB7FkeByg,KR_6609195027
488,dmr5LcTZCu8m1A1zIcTKa67ot9fpB9M_qEZfLEIxr-Bo2URSLqMZtUt1bGIOjNAkExJaXMB7FkeByg,KR_6609149224
489,dmr5LcTZCu8m1A1zIcTKa67ot9fpB9M_qEZfLEIxr-Bo2URSLqMZtUt1bGIOjNAkExJaXMB7FkeByg,KR_6608654473
490,dmr5LcTZCu8m1A1zIcTKa67ot9fpB9M_qEZfLEIxr-Bo2URSLqMZtUt1bGIOjNAkExJaXMB7FkeByg,KR_6608565697
491,dmr5LcTZCu8m1A1zIcTKa67ot9fpB9M_qEZfLEIxr-Bo2URSLqMZtUt1bGIOjNAkExJaXMB7FkeByg,KR_6608476111
492,dmr5LcTZCu8m1A1zIcTKa67ot9fpB9M_qEZfLEIxr-Bo2URSLqMZtUt1bGIOjNAkExJaXMB7FkeByg,KR_6608401479
493,dmr5LcTZCu8m1A1zIcTKa67ot9fpB9M_qEZfLEIxr-Bo2URSLqMZtUt1bGIOjNAkExJaXMB7FkeByg,KR_6608275486
494,dmr5LcTZCu8m1A1zIcTKa67ot9fpB9M_qEZfLEIxr-Bo2URSLqMZtUt1bGIOjNAkExJaXMB7FkeByg,KR_6608178335
495,dmr5LcTZCu8m1A1zIcTKa67ot9fpB9M_qEZfLEIxr-Bo2URSLqMZtUt1bGIOjNAkExJaXMB7FkeByg,KR_6607703960
496,dmr5LcTZCu8m1A1zIcTKa67ot9fpB9M_qEZfLEIxr-Bo2URSLqMZtUt1bGIOjNAkExJaXMB7FkeByg,KR_6607621336
497,dmr5LcTZCu8m1A1zIcTKa67ot9fpB9M_qEZfLEIxr-Bo2URSLqMZtUt1bGIOjNAkExJaXMB7FkeByg,KR_6607503624
498,dmr5LcTZCu8m1A1zIcTKa67ot9fpB9M_qEZfLEIxr-Bo2URSLqMZtUt1bGIOjNAkExJaXMB7FkeByg,KR_6607445426
499,dmr5LcTZCu8m1A1zIcTKa67ot9fpB9M_qEZfLEIxr-Bo2URSLqMZtUt1bGIOjNAkExJaXMB7FkeByg,KR_6607372652
500,ZVrbeES3HnZfY1ObzlKSNAMf4GmiPocdgB4k2icHI3eBUB-iTR5g63pOaaeGClxM1aCWumbWIqfcGA,KR_6618280202
501,ZVrbeES3HnZfY1ObzlKSNAMf4GmiPocdgB4k2icHI3eBUB-iTR5g63pOaaeGClxM1aCWumbWIqfcGA,KR_6618214504
502,ZVrbeES3HnZfY1ObzlKSNAMf4GmiPocdgB4k2icHI3eBUB-iTR5g63pOaaeGClxM1aCWumbWIqfcGA,KR_6618140520
503,ZVrbeES3HnZfY1ObzlKSNAMf4GmiPocdgB4k2icHI3eBUB-iTR5g63pOaaeGClxM1aCWumbWIqfcGA,KR_6618066273
504,ZVrbeES3HnZfY1ObzlKSNAMf4GmiPocdgB4k2icHI3eBUB-iTR5g63pOaaeGClxM1aCWumbWIqfcGA,KR_6617968141
505,ZVrbeES3HnZfY1ObzlKSNAMf4GmiPocdgB4k2icHI3eBUB-iTR5g63pOaaeGClxM1aCWumbWIqfcGA,KR_6617432807
506,ZVrbeES3HnZfY1ObzlKSNAMf4GmiPocdgB4k2icHI3eBUB-iTR5g63pOaaeGClxM1aCWumbWIqfcGA,KR_6616836408
507,ZVrbeES3HnZfY1ObzlKSNAMf4GmiPocdgB4k2icHI3eBUB-iTR5g63pOaaeGClxM1aCWumbWIqfcGA,KR_6616811293
508,ZVrbeES3HnZfY1ObzlKSNAMf4GmiPocdgB4k2icHI3eBUB-iTR5g63pOaaeGClxM1aCWumbWIqfcGA,KR_6616783500
509,ZVrbeES3HnZfY1ObzlKSNAMf4GmiPocdgB4k2icHI3eBUB-iTR5g63pOaaeGClxM1aCWumbWIqfcGA,KR_6616729342
510,ZVrbeES3HnZfY1ObzlKSNAMf4GmiPocdgB4k2icHI3eBUB-iTR5g63pOaaeGClxM1aCWumbWIqfcGA,KR_6616659970
511,ZVrbeES3HnZfY1ObzlKSNAMf4GmiPocdgB4k2icHI3eBUB-iTR5g63pOaaeGClxM1aCWumbWIqfcGA,KR_6616589792
512,ZVrbeES3HnZfY1ObzlKSNAMf4GmiPocdgB4k2icHI3eBUB-iTR5g63pOaaeGClxM1aCWumbWIqfcGA,KR_6615008165
513,ZVrbeES3HnZfY1ObzlKSNAMf4GmiPocdgB4k2icHI3eBUB-iTR5g63pOaaeGClxM1aCWumbWIqfcGA,KR_6614585491
514,ZVrbeES3HnZfY1ObzlKSNAMf4GmiPocdgB4k2icHI3eBUB-iTR5g63pOaaeGClxM1aCWumbWIqfcGA,KR_6614475243
515,ZVrbeES3HnZfY1ObzlKSNAMf4GmiPocdgB4k2icHI3eBUB-iTR5g63pOaaeGClxM1aCWumbWIqfcGA,KR_6614286135
516,ZVrbeES3HnZfY1ObzlKSNAMf4GmiPocdgB4k2icHI3eBUB-iTR5g63pOaaeGClxM1aCWumbWIqfcGA,KR_6614213182
517,ZVrbeES3HnZfY1ObzlKSNAMf4GmiPocdgB4k2icHI3eBUB-iTR5g63pOaaeGClxM1aCWumbWIqfcGA,KR_6614147212
518,ZVrbeES3HnZfY1ObzlKSNAMf4GmiPocdgB4k2icHI3eBUB-iTR5g63pOaaeGClxM1aCWumbWIqfcGA,KR_6614049641
519,ZVrbeES3HnZfY1ObzlKSNAMf4GmiPocdgB4k2icHI3eBUB-iTR5g63pOaaeGClxM1aCWumbWIqfcGA,KR_6613992475
520,ZVrbeES3HnZfY1ObzlKSNAMf4GmiPocdgB4k2icHI3eBUB-iTR5g63pOaaeGClxM1aCWumbWIqfcGA,KR_6613941315
521,ZVrbeES3HnZfY1ObzlKSNAMf4GmiPocdgB4k2icHI3eBUB-iTR5g63pOaaeGClxM1aCWumbWIqfcGA,KR_6613845580
522,ZVrbeES3HnZfY1ObzlKSNAMf4GmiPocdgB4k2icHI3eBUB-iTR5g63pOaaeGClxM1aCWumbWIqfcGA,KR_6613199704
523,ZVrbeES3HnZfY1ObzlKSNAMf4GmiPocdgB4k2icHI3eBUB-iTR5g63pOaaeGClxM1aCWumbWIqfcGA,KR_6613202287
524,ZVrbeES3HnZfY1ObzlKSNAMf4GmiPocdgB4k2icHI3eBUB-iTR5g63pOaaeGClxM1aCWumbWIqfcGA,KR_6613168816
525,ZVrbeES3HnZfY1ObzlKSNAMf4GmiPocdgB4k2icHI3eBUB-iTR5g63pOaaeGClxM1aCWumbWIqfcGA,KR_6613160147
526,ZVrbeES3HnZfY1ObzlKSNAMf4GmiPocdgB4k2icHI3eBUB-iTR5g63pOaaeGClxM1aCWumbWIqfcGA,KR_6613129708
527,ZVrbeES3HnZfY1ObzlKSNAMf4GmiPocdgB4k2icHI3eBUB-iTR5g63pOaaeGClxM1aCWumbWIqfcGA,KR_6613093815
528,ZVrbeES3HnZfY1ObzlKSNAMf4GmiPocdgB4k2icHI3eBUB-iTR5g63pOaaeGClxM1aCWumbWIqfcGA,KR_6613076132
529,ZVrbeES3HnZfY1ObzlKSNAMf4GmiPocdgB4k2icHI3eBUB-iTR5g63pOaaeGClxM1aCWumbWIqfcGA,KR_6612604168
530,ZVrbeES3HnZfY1ObzlKSNAMf4GmiPocdgB4k2icHI3eBUB-iTR5g63pOaaeGClxM1aCWumbWIqfcGA,KR_6612495401
531,ZVrbeES3HnZfY1ObzlKSNAMf4GmiPocdgB4k2icHI3eBUB-iTR5g63pOaaeGClxM1aCWumbWIqfcGA,KR_6612376523
532,ZVrbeES3HnZfY1ObzlKSNAMf4GmiPocdgB4k2icHI3eBUB-iTR5g63pOaaeGClxM1aCWumbWIqfcGA,KR_6612332250
533,ZVrbeES3HnZfY1ObzlKSNAMf4GmiPocdgB4k2icHI3eBUB-iTR5g63pOaaeGClxM1aCWumbWIqfcGA,KR_6612189237
534,ZVrbeES3HnZfY1ObzlKSNAMf4GmiPocdgB4k2icHI3eBUB-iTR5g63pOaaeGClxM1aCWumbWIqfcGA,KR_6612114993
535,ZVrbeES3HnZfY1ObzlKSNAMf4GmiPocdgB4k2icHI3eBUB-iTR5g63pOaaeGClxM1aCWumbWIqfcGA,KR_6612049696
536,ZVrbeES3HnZfY1ObzlKSNAMf4GmiPocdgB4k2icHI3eBUB-iTR5g63pOaaeGClxM1aCWumbWIqfcGA,KR_6611970198
537,ZVrbeES3HnZfY1ObzlKSNAMf4GmiPocdgB4k2icHI3eBUB-iTR5g63pOaaeGClxM1aCWumbWIqfcGA,KR_6611804653
538,ZVrbeES3HnZfY1ObzlKSNAMf4GmiPocdgB4k2icHI3eBUB-iTR5g63pOaaeGClxM1aCWumbWIqfcGA,KR_6611255982
539,ZVrbeES3HnZfY1ObzlKSNAMf4GmiPocdgB4k2icHI3eBUB-iTR5g63pOaaeGClxM1aCWumbWIqfcGA,KR_6611241903
540,ZVrbeES3HnZfY1ObzlKSNAMf4GmiPocdgB4k2icHI3eBUB-iTR5g63pOaaeGClxM1aCWumbWIqfcGA,KR_6611224096
541,ZVrbeES3HnZfY1ObzlKSNAMf4GmiPocdgB4k2icHI3eBUB-iTR5g63pOaaeGClxM1aCWumbWIqfcGA,KR_6611204180
542,ZVrbeES3HnZfY1ObzlKSNAMf4GmiPocdgB4k2icHI3eBUB-iTR5g63pOaaeGClxM1aCWumbWIqfcGA,KR_6611175526
543,ZVrbeES3HnZfY1ObzlKSNAMf4GmiPocdgB4k2icHI3eBUB-iTR5g63pOaaeGClxM1aCWumbWIqfcGA,KR_6610038852
544,ZVrbeES3HnZfY1ObzlKSNAMf4GmiPocdgB4k2icHI3eBUB-iTR5g63pOaaeGClxM1aCWumbWIqfcGA,KR_6609805763
545,ZVrbeES3HnZfY1ObzlKSNAMf4GmiPocdgB4k2icHI3eBUB-iTR5g63pOaaeGClxM1aCWumbWIqfcGA,KR_6609741583
546,ZVrbeES3HnZfY1ObzlKSNAMf4GmiPocdgB4k2icHI3eBUB-iTR5g63pOaaeGClxM1aCWumbWIqfcGA,KR_6609707892
547,ZVrbeES3HnZfY1ObzlKSNAMf4GmiPocdgB4k2icHI3eBUB-iTR5g63pOaaeGClxM1aCWumbWIqfcGA,KR_6609101811
548,ZVrbeES3HnZfY1ObzlKSNAMf4GmiPocdgB4k2icHI3eBUB-iTR5g63pOaaeGClxM1aCWumbWIqfcGA,KR_6608568147
549,ZVrbeES3HnZfY1ObzlKSNAMf4GmiPocdgB4k2icHI3eBUB-iTR5g63pOaaeGClxM1aCWumbWIqfcGA,KR_6608489936
550,ZVrbeES3HnZfY1ObzlKSNAMf4GmiPocdgB4k2icHI3eBUB-iTR5g63pOaaeGClxM1aCWumbWIqfcGA,KR_6608419267
551,ZVrbeES3HnZfY1ObzlKSNAMf4GmiPocdgB4k2icHI3eBUB-iTR5g63pOaaeGClxM1aCWumbWIqfcGA,KR_6608317581
552,ZVrbeES3HnZfY1ObzlKSNAMf4GmiPocdgB4k2icHI3eBUB-iTR5g63pOaaeGClxM1aCWumbWIqfcGA,KR_6608256618
553,ZVrbeES3HnZfY1ObzlKSNAMf4GmiPocdgB4k2icHI3eBUB-iTR5g63pOaaeGClxM1aCWumbWIqfcGA,KR_6608133487
554,ZVrbeES3HnZfY1ObzlKSNAMf4GmiPocdgB4k2icHI3eBUB-iTR5g63pOaaeGClxM1aCWumbWIqfcGA,KR_6608028096
555,ZVrbeES3HnZfY1ObzlKSNAMf4GmiPocdgB4k2icHI3eBUB-iTR5g63pOaaeGClxM1aCWumbWIqfcGA,KR_6607854117
556,ZVrbeES3HnZfY1ObzlKSNAMf4GmiPocdgB4k2icHI3eBUB-iTR5g63pOaaeGClxM1aCWumbWIqfcGA,KR_6607732415
557,ZVrbeES3HnZfY1ObzlKSNAMf4GmiPocdgB4k2icHI3eBUB-iTR5g63pOaaeGClxM1aCWumbWIqfcGA,KR_6607574567
558,ZVrbeES3HnZfY1ObzlKSNAMf4GmiPocdgB4k2icHI3eBUB-iTR5g63pOaaeGClxM1aCWumbWIqfcGA,KR_6607514263
559,ZVrbeES3HnZfY1ObzlKSNAMf4GmiPocdgB4k2icHI3eBUB-iTR5g63pOaaeGClxM1aCWumbWIqfcGA,KR_6607433992
560,ZVrbeES3HnZfY1ObzlKSNAMf4GmiPocdgB4k2icHI3eBUB-iTR5g63pOaaeGClxM1aCWumbWIqfcGA,KR_6607386470
561,ZVrbeES3HnZfY1ObzlKSNAMf4GmiPocdgB4k2icHI3eBUB-iTR5g63pOaaeGClxM1aCWumbWIqfcGA,KR_6607267540
562,ZVrbeES3HnZfY1ObzlKSNAMf4GmiPocdgB4k2icHI3eBUB-iTR5g63pOaaeGClxM1aCWumbWIqfcGA,KR_6607157412
563,ZVrbeES3HnZfY1ObzlKSNAMf4GmiPocdgB4k2icHI3eBUB-iTR5g63pOaaeGClxM1aCWumbWIqfcGA,KR_6607095087
564,ZVrbeES3HnZfY1ObzlKSNAMf4GmiPocdgB4k2icHI3eBUB-iTR5g63pOaaeGClxM1aCWumbWIqfcGA,KR_6606162048
565,ZVrbeES3HnZfY1ObzlKSNAMf4GmiPocdgB4k2icHI3eBUB-iTR5g63pOaaeGClxM1aCWumbWIqfcGA,KR_6606133222
566,ZVrbeES3HnZfY1ObzlKSNAMf4GmiPocdgB4k2icHI3eBUB-iTR5g63pOaaeGClxM1aCWumbWIqfcGA,KR_6606087745
567,ZVrbeES3HnZfY1ObzlKSNAMf4GmiPocdgB4k2icHI3eBUB-iTR5g63pOaaeGClxM1aCWumbWIqfcGA,KR_6606052521
568,ZVrbeES3HnZfY1ObzlKSNAMf4GmiPocdgB4k2icHI3eBUB-iTR5g63pOaaeGClxM1aCWumbWIqfcGA,KR_6605976922
569,ZVrbeES3HnZfY1ObzlKSNAMf4GmiPocdgB4k2icHI3eBUB-iTR5g63pOaaeGClxM1aCWumbWIqfcGA,KR_6605870944
570,ZVrbeES3HnZfY1ObzlKSNAMf4GmiPocdgB4k2icHI3eBUB-iTR5g63pOaaeGClxM1aCWumbWIqfcGA,KR_6605779529
571,ZVrbeES3HnZfY1ObzlKSNAMf4GmiPocdgB4k2icHI3eBUB-iTR5g63pOaaeGClxM1aCWumbWIqfcGA,KR_6605690230
572,ZVrbeES3HnZfY1ObzlKSNAMf4GmiPocdgB4k2icHI3eBUB-iTR5g63pOaaeGClxM1aCWumbWIqfcGA,KR_6605614785
573,ZVrbeES3HnZfY1ObzlKSNAMf4GmiPocdgB4k2icHI3eBUB-iTR5g63pOaaeGClxM1aCWumbWIqfcGA,KR_6605437353
574,ZVrbeES3HnZfY1ObzlKSNAMf4GmiPocdgB4k2icHI3eBUB-iTR5g63pOaaeGClxM1aCWumbWIqfcGA,KR_6605323038
575,ZVrbeES3HnZfY1ObzlKSNAMf4GmiPocdgB4k2icHI3eBUB-iTR5g63pOaaeGClxM1aCWumbWIqfcGA,KR_6605256332
576,ZVrbeES3HnZfY1ObzlKSNAMf4GmiPocdgB4k2icHI3eBUB-iTR5g63pOaaeGClxM1aCWumbWIqfcGA,KR_6605193577
577,ZVrbeES3HnZfY1ObzlKSNAMf4GmiPocdgB4k2icHI3eBUB-iTR5g63pOaaeGClxM1aCWumbWIqfcGA,KR_6605106886
578,ZVrbeES3HnZfY1ObzlKSNAMf4GmiPocdgB4k2icHI3eBUB-iTR5g63pOaaeGClxM1aCWumbWIqfcGA,KR_6603980601
579,ZVrbeES3HnZfY1ObzlKSNAMf4GmiPocdgB4k2icHI3eBUB-iTR5g63pOaaeGClxM1aCWumbWIqfcGA,KR_6603932897
580,ZVrbeES3HnZfY1ObzlKSNAMf4GmiPocdgB4k2icHI3eBUB-iTR5g63pOaaeGClxM1aCWumbWIqfcGA,KR_6603903375
581,ZVrbeES3HnZfY1ObzlKSNAMf4GmiPocdgB4k2icHI3eBUB-iTR5g63pOaaeGClxM1aCWumbWIqfcGA,KR_6603661602
582,ZVrbeES3HnZfY1ObzlKSNAMf4GmiPocdgB4k2icHI3eBUB-iTR5g63pOaaeGClxM1aCWumbWIqfcGA,KR_6603575204
583,ZVrbeES3HnZfY1ObzlKSNAMf4GmiPocdgB4k2icHI3eBUB-iTR5g63pOaaeGClxM1aCWumbWIqfcGA,KR_6603510873
584,ZVrbeES3HnZfY1ObzlKSNAMf4GmiPocdgB4k2icHI3eBUB-iTR5g63pOaaeGClxM1aCWumbWIqfcGA,KR_6603408771
585,ZVrbeES3HnZfY1ObzlKSNAMf4GmiPocdgB4k2icHI3eBUB-iTR5g63pOaaeGClxM1aCWumbWIqfcGA,KR_6603334680
586,ZVrbeES3HnZfY1ObzlKSNAMf4GmiPocdgB4k2icHI3eBUB-iTR5g63pOaaeGClxM1aCWumbWIqfcGA,KR_6603254816
587,ZVrbeES3HnZfY1ObzlKSNAMf4GmiPocdgB4k2icHI3eBUB-iTR5g63pOaaeGClxM1aCWumbWIqfcGA,KR_6603143015
588,ZVrbeES3HnZfY1ObzlKSNAMf4GmiPocdgB4k2icHI3eBUB-iTR5g63pOaaeGClxM1aCWumbWIqfcGA,KR_6603076889
589,ZVrbeES3HnZfY1ObzlKSNAMf4GmiPocdgB4k2icHI3eBUB-iTR5g63pOaaeGClxM1aCWumbWIqfcGA,KR_6603027991
590,ZVrbeES3HnZfY1ObzlKSNAMf4GmiPocdgB4k2icHI3eBUB-iTR5g63pOaaeGClxM1aCWumbWIqfcGA,KR_6602981008
591,ZVrbeES3HnZfY1ObzlKSNAMf4GmiPocdgB4k2icHI3eBUB-iTR5g63pOaaeGClxM1aCWumbWIqfcGA,KR_6602892153
592,ZVrbeES3HnZfY1ObzlKSNAMf4GmiPocdgB4k2icHI3eBUB-iTR5g63pOaaeGClxM1aCWumbWIqfcGA,KR_6602334466
593,ZVrbeES3HnZfY1ObzlKSNAMf4GmiPocdgB4k2icHI3eBUB-iTR5g63pOaaeGClxM1aCWumbWIqfcGA,KR_6602298900
594,ZVrbeES3HnZfY1ObzlKSNAMf4GmiPocdgB4k2icHI3eBUB-iTR5g63pOaaeGClxM1aCWumbWIqfcGA,KR_6602281186
595,ZVrbeES3HnZfY1ObzlKSNAMf4GmiPocdgB4k2icHI3eBUB-iTR5g63pOaaeGClxM1aCWumbWIqfcGA,KR_6602215334
596,ZVrbeES3HnZfY1ObzlKSNAMf4GmiPocdgB4k2icHI3eBUB-iTR5g63pOaaeGClxM1aCWumbWIqfcGA,KR_6602155640
597,ZVrbeES3HnZfY1ObzlKSNAMf4GmiPocdgB4k2icHI3eBUB-iTR5g63pOaaeGClxM1aCWumbWIqfcGA,KR_6602114091
598,ZVrbeES3HnZfY1ObzlKSNAMf4GmiPocdgB4k2icHI3eBUB-iTR5g63pOaaeGClxM1aCWumbWIqfcGA,KR_6602047110
599,ZVrbeES3HnZfY1ObzlKSNAMf4GmiPocdgB4k2icHI3eBUB-iTR5g63pOaaeGClxM1aCWumbWIqfcGA,KR_6601984093
600,5RRsDBN3qMTWyrIUErPchv5S1EYaPXmupN1S93alChZNf7TvqqXznyYsA9yWC0FXLG5JEXWuu8PvsQ,KR_6617769939
601,5RRsDBN3qMTWyrIUErPchv5S1EYaPXmupN1S93alChZNf7TvqqXznyYsA9yWC0FXLG5JEXWuu8PvsQ,KR_6617596591
602,5RRsDBN3qMTWyrIUErPchv5S1EYaPXmupN1S93alChZNf7TvqqXznyYsA9yWC0FXLG5JEXWuu8PvsQ,KR_6615065321
603,5RRsDBN3qMTWyrIUErPchv5S1EYaPXmupN1S93alChZNf7TvqqXznyYsA9yWC0FXLG5JEXWuu8PvsQ,KR_6615042957
604,5RRsDBN3qMTWyrIUErPchv5S1EYaPXmupN1S93alChZNf7TvqqXznyYsA9yWC0FXLG5JEXWuu8PvsQ,KR_6615035337
605,5RRsDBN3qMTWyrIUErPchv5S1EYaPXmupN1S93alChZNf7TvqqXznyYsA9yWC0FXLG5JEXWuu8PvsQ,KR_6615015007
606,5RRsDBN3qMTWyrIUErPchv5S1EYaPXmupN1S93alChZNf7TvqqXznyYsA9yWC0FXLG5JEXWuu8PvsQ,KR_6614989538
607,5RRsDBN3qMTWyrIUErPchv5S1EYaPXmupN1S93alChZNf7TvqqXznyYsA9yWC0FXLG5JEXWuu8PvsQ,KR_6614947835
608,5RRsDBN3qMTWyrIUErPchv5S1EYaPXmupN1S93alChZNf7TvqqXznyYsA9yWC0FXLG5JEXWuu8PvsQ,KR_6614908939
609,5RRsDBN3qMTWyrIUErPchv5S1EYaPXmupN1S93alChZNf7TvqqXznyYsA9yWC0FXLG5JEXWuu8PvsQ,KR_6614839561
610,5RRsDBN3qMTWyrIUErPchv5S1EYaPXmupN1S93alChZNf7TvqqXznyYsA9yWC0FXLG5JEXWuu8PvsQ,KR_6614756861
611,5RRsDBN3qMTWyrIUErPchv5S1EYaPXmupN1S93alChZNf7TvqqXznyYsA9yWC0FXLG5JEXWuu8PvsQ,KR_6614671107
612,5RRsDBN3qMTWyrIUErPchv5S1EYaPXmupN1S93alChZNf7TvqqXznyYsA9yWC0FXLG5JEXWuu8PvsQ,KR_6614576103
613,5RRsDBN3qMTWyrIUErPchv5S1EYaPXmupN1S93alChZNf7TvqqXznyYsA9yWC0FXLG5JEXWuu8PvsQ,KR_6614475243
614,5RRsDBN3qMTWyrIUErPchv5S1EYaPXmupN1S93alChZNf7TvqqXznyYsA9yWC0FXLG5JEXWuu8PvsQ,KR_6614379183
615,5RRsDBN3qMTWyrIUErPchv5S1EYaPXmupN1S93alChZNf7TvqqXznyYsA9yWC0FXLG5JEXWuu8PvsQ,KR_6614286135
616,5RRsDBN3qMTWyrIUErPchv5S1EYaPXmupN1S93alChZNf7TvqqXznyYsA9yWC0FXLG5JEXWuu8PvsQ,KR_6614187837
617,5RRsDBN3qMTWyrIUErPchv5S1EYaPXmupN1S93alChZNf7TvqqXznyYsA9yWC0FXLG5JEXWuu8PvsQ,KR_6614124647
618,5RRsDBN3qMTWyrIUErPchv5S1EYaPXmupN1S93alChZNf7TvqqXznyYsA9yWC0FXLG5JEXWuu8PvsQ,KR_6614072249
619,5RRsDBN3qMTWyrIUErPchv5S1EYaPXmupN1S93alChZNf7TvqqXznyYsA9yWC0FXLG5JEXWuu8PvsQ,KR_6614022466
620,5RRsDBN3qMTWyrIUErPchv5S1EYaPXmupN1S93alChZNf7TvqqXznyYsA9yWC0FXLG5JEXWuu8PvsQ,KR_6613969913
621,5RRsDBN3qMTWyrIUErPchv5S1EYaPXmupN1S93alChZNf7TvqqXznyYsA9yWC0FXLG5JEXWuu8PvsQ,KR_6613882301
622,5RRsDBN3qMTWyrIUErPchv5S1EYaPXmupN1S93alChZNf7TvqqXznyYsA9yWC0FXLG5JEXWuu8PvsQ,KR_6613826052
623,5RRsDBN3qMTWyrIUErPchv5S1EYaPXmupN1S93alChZNf7TvqqXznyYsA9yWC0FXLG5JEXWuu8PvsQ,KR_6613779124
624,5RRsDBN3qMTWyrIUErPchv5S1EYaPXmupN1S93alChZNf7TvqqXznyYsA9yWC0FXLG5JEXWuu8PvsQ,KR_6613741256
625,5RRsDBN3qMTWyrIUErPchv5S1EYaPXmupN1S93alChZNf7TvqqXznyYsA9yWC0FXLG5JEXWuu8PvsQ,KR_6613667258
626,5RRsDBN3qMTWyrIUErPchv5S1EYaPXmupN1S93alChZNf7TvqqXznyYsA9yWC0FXLG5JEXWuu8PvsQ,KR_6613614858
627,5RRsDBN3qMTWyrIUErPchv5S1EYaPXmupN1S93alChZNf7TvqqXznyYsA9yWC0FXLG5JEXWuu8PvsQ,KR_6612483178
628,5RRsDBN3qMTWyrIUErPchv5S1EYaPXmupN1S93alChZNf7TvqqXznyYsA9yWC0FXLG5JEXWuu8PvsQ,KR_6609449266
629,5RRsDBN3qMTWyrIUErPchv5S1EYaPXmupN1S93alChZNf7TvqqXznyYsA9yWC0FXLG5JEXWuu8PvsQ,KR_6609356043
630,5RRsDBN3qMTWyrIUErPchv5S1EYaPXmupN1S93alChZNf7TvqqXznyYsA9yWC0FXLG5JEXWuu8PvsQ,KR_6609287836
631,5RRsDBN3qMTWyrIUErPchv5S1EYaPXmupN1S93alChZNf7TvqqXznyYsA9yWC0FXLG5JEXWuu8PvsQ,KR_6609219152
632,5RRsDBN3qMTWyrIUErPchv5S1EYaPXmupN1S93alChZNf7TvqqXznyYsA9yWC0FXLG5JEXWuu8PvsQ,KR_6609174527
633,5RRsDBN3qMTWyrIUErPchv5S1EYaPXmupN1S93alChZNf7TvqqXznyYsA9yWC0FXLG5JEXWuu8PvsQ,KR_6609125758
634,5RRsDBN3qMTWyrIUErPchv5S1EYaPXmupN1S93alChZNf7TvqqXznyYsA9yWC0FXLG5JEXWuu8PvsQ,KR_6609081478
635,5RRsDBN3qMTWyrIUErPchv5S1EYaPXmupN1S93alChZNf7TvqqXznyYsA9yWC0FXLG5JEXWuu8PvsQ,KR_6609032517
636,5RRsDBN3qMTWyrIUErPchv5S1EYaPXmupN1S93alChZNf7TvqqXznyYsA9yWC0FXLG5JEXWuu8PvsQ,KR_6608976804
637,5RRsDBN3qMTWyrIUErPchv5S1EYaPXmupN1S93alChZNf7TvqqXznyYsA9yWC0FXLG5JEXWuu8PvsQ,KR_6608943140
638,5RRsDBN3qMTWyrIUErPchv5S1EYaPXmupN1S93alChZNf7TvqqXznyYsA9yWC0FXLG5JEXWuu8PvsQ,KR_6608916485
639,5RRsDBN3qMTWyrIUErPchv5S1EYaPXmupN1S93alChZNf7TvqqXznyYsA9yWC0FXLG5JEXWuu8PvsQ,KR_6608897349
640,5RRsDBN3qMTWyrIUErPchv5S1EYaPXmupN1S93alChZNf7TvqqXznyYsA9yWC0FXLG5JEXWuu8PvsQ,KR_6608884190
641,5RRsDBN3qMTWyrIUErPchv5S1EYaPXmupN1S93alChZNf7TvqqXznyYsA9yWC0FXLG5JEXWuu8PvsQ,KR_6608869102
642,5RRsDBN3qMTWyrIUErPchv5S1EYaPXmupN1S93alChZNf7TvqqXznyYsA9yWC0FXLG5JEXWuu8PvsQ,KR_6608836928
643,5RRsDBN3qMTWyrIUErPchv5S1EYaPXmupN1S93alChZNf7TvqqXznyYsA9yWC0FXLG5JEXWuu8PvsQ,KR_6608816650
644,5RRsDBN3qMTWyrIUErPchv5S1EYaPXmupN1S93alChZNf7TvqqXznyYsA9yWC0FXLG5JEXWuu8PvsQ,KR_6608802200
645,5RRsDBN3qMTWyrIUErPchv5S1EYaPXmupN1S93alChZNf7TvqqXznyYsA9yWC0FXLG5JEXWuu8PvsQ,KR_6608768611
646,5RRsDBN3qMTWyrIUErPchv5S1EYaPXmupN1S93alChZNf7TvqqXznyYsA9yWC0FXLG5JEXWuu8PvsQ,KR_6608720363
647,5RRsDBN3qMTWyrIUErPchv5S1EYaPXmupN1S93alChZNf7TvqqXznyYsA9yWC0FXLG5JEXWuu8PvsQ,KR_6608686344
648,5RRsDBN3qMTWyrIUErPchv5S1EYaPXmupN1S93alChZNf7TvqqXznyYsA9yWC0FXLG5JEXWuu8PvsQ,KR_6608623835
649,5RRsDBN3qMTWyrIUErPchv5S1EYaPXmupN1S93alChZNf7TvqqXznyYsA9yWC0FXLG5JEXWuu8PvsQ,KR_6608575568
650,5RRsDBN3qMTWyrIUErPchv5S1EYaPXmupN1S93alChZNf7TvqqXznyYsA9yWC0FXLG5JEXWuu8PvsQ,KR_6608484723
651,5RRsDBN3qMTWyrIUErPchv5S1EYaPXmupN1S93alChZNf7TvqqXznyYsA9yWC0FXLG5JEXWuu8PvsQ,KR_6608402597
652,5RRsDBN3qMTWyrIUErPchv5S1EYaPXmupN1S93alChZNf7TvqqXznyYsA9yWC0FXLG5JEXWuu8PvsQ,KR_6608314251
653,5RRsDBN3qMTWyrIUErPchv5S1EYaPXmupN1S93alChZNf7TvqqXznyYsA9yWC0FXLG5JEXWuu8PvsQ,KR_6608187698
654,5RRsDBN3qMTWyrIUErPchv5S1EYaPXmupN1S93alChZNf7TvqqXznyYsA9yWC0FXLG5JEXWuu8PvsQ,KR_6608095194
655,5RRsDBN3qMTWyrIUErPchv5S1EYaPXmupN1S93alChZNf7TvqqXznyYsA9yWC0FXLG5JEXWuu8PvsQ,KR_6607992740
656,5RRsDBN3qMTWyrIUErPchv5S1EYaPXmupN1S93alChZNf7TvqqXznyYsA9yWC0FXLG5JEXWuu8PvsQ,KR_6607870439
657,5RRsDBN3qMTWyrIUErPchv5S1EYaPXmupN1S93alChZNf7TvqqXznyYsA9yWC0FXLG5JEXWuu8PvsQ,KR_6607777033
658,5RRsDBN3qMTWyrIUErPchv5S1EYaPXmupN1S93alChZNf7TvqqXznyYsA9yWC0FXLG5JEXWuu8PvsQ,KR_6607649762
659,5RRsDBN3qMTWyrIUErPchv5S1EYaPXmupN1S93alChZNf7TvqqXznyYsA9yWC0FXLG5JEXWuu8PvsQ,KR_6606270936
660,5RRsDBN3qMTWyrIUErPchv5S1EYaPXmupN1S93alChZNf7TvqqXznyYsA9yWC0FXLG5JEXWuu8PvsQ,KR_6606213403
661,5RRsDBN3qMTWyrIUErPchv5S1EYaPXmupN1S93alChZNf7TvqqXznyYsA9yWC0FXLG5JEXWuu8PvsQ,KR_6606150197
662,5RRsDBN3qMTWyrIUErPchv5S1EYaPXmupN1S93alChZNf7TvqqXznyYsA9yWC0FXLG5JEXWuu8PvsQ,KR_6606071818
663,5RRsDBN3qMTWyrIUErPchv5S1EYaPXmupN1S93alChZNf7TvqqXznyYsA9yWC0FXLG5JEXWuu8PvsQ,KR_6606009207
664,5RRsDBN3qMTWyrIUErPchv5S1EYaPXmupN1S93alChZNf7TvqqXznyYsA9yWC0FXLG5JEXWuu8PvsQ,KR_6605919566
665,5RRsDBN3qMTWyrIUErPchv5S1EYaPXmupN1S93alChZNf7TvqqXznyYsA9yWC0FXLG5JEXWuu8PvsQ,KR_6605781484
666,5RRsDBN3qMTWyrIUErPchv5S1EYaPXmupN1S93alChZNf7TvqqXznyYsA9yWC0FXLG5JEXWuu8PvsQ,KR_6605660622
667,5RRsDBN3qMTWyrIUErPchv5S1EYaPXmupN1S93alChZNf7TvqqXznyYsA9yWC0FXLG5JEXWuu8PvsQ,KR_6605551164
668,5RRsDBN3qMTWyrIUErPchv5S1EYaPXmupN1S93alChZNf7TvqqXznyYsA9yWC0FXLG5JEXWuu8PvsQ,KR_6605470969
669,5RRsDBN3qMTWyrIUErPchv5S1EYaPXmupN1S93alChZNf7TvqqXznyYsA9yWC0FXLG5JEXWuu8PvsQ,KR_6605327653
670,5RRsDBN3qMTWyrIUErPchv5S1EYaPXmupN1S93alChZNf7TvqqXznyYsA9yWC0FXLG5JEXWuu8PvsQ,KR_6605265602
671,5RRsDBN3qMTWyrIUErPchv5S1EYaPXmupN1S93alChZNf7TvqqXznyYsA9yWC0FXLG5JEXWuu8PvsQ,KR_6605096142
672,5RRsDBN3qMTWyrIUErPchv5S1EYaPXmupN1S93alChZNf7TvqqXznyYsA9yWC0FXLG5JEXWuu8PvsQ,KR_6605055522
673,5RRsDBN3qMTWyrIUErPchv5S1EYaPXmupN1S93alChZNf7TvqqXznyYsA9yWC0FXLG5JEXWuu8PvsQ,KR_6604972509
674,5RRsDBN3qMTWyrIUErPchv5S1EYaPXmupN1S93alChZNf7TvqqXznyYsA9yWC0FXLG5JEXWuu8PvsQ,KR_6604915861
675,5RRsDBN3qMTWyrIUErPchv5S1EYaPXmupN1S93alChZNf7TvqqXznyYsA9yWC0FXLG5JEXWuu8PvsQ,KR_6604868865
676,5RRsDBN3qMTWyrIUErPchv5S1EYaPXmupN1S93alChZNf7TvqqXznyYsA9yWC0FXLG5JEXWuu8PvsQ,KR_6604793964
677,5RRsDBN3qMTWyrIUErPchv5S1EYaPXmupN1S93alChZNf7TvqqXznyYsA9yWC0FXLG5JEXWuu8PvsQ,KR_6604714430
678,5RRsDBN3qMTWyrIUErPchv5S1EYaPXmupN1S93alChZNf7TvqqXznyYsA9yWC0FXLG5JEXWuu8PvsQ,KR_6604643091
679,5RRsDBN3qMTWyrIUErPchv5S1EYaPXmupN1S93alChZNf7TvqqXznyYsA9yWC0FXLG5JEXWuu8PvsQ,KR_6604021137
680,5RRsDBN3qMTWyrIUErPchv5S1EYaPXmupN1S93alChZNf7TvqqXznyYsA9yWC0FXLG5JEXWuu8PvsQ,KR_6603977989
681,5RRsDBN3qMTWyrIUErPchv5S1EYaPXmupN1S93alChZNf7TvqqXznyYsA9yWC0FXLG5JEXWuu8PvsQ,KR_6603905805
682,5RRsDBN3qMTWyrIUErPchv5S1EYaPXmupN1S93alChZNf7TvqqXznyYsA9yWC0FXLG5JEXWuu8PvsQ,KR_6603849904
683,5RRsDBN3qMTWyrIUErPchv5S1EYaPXmupN1S93alChZNf7TvqqXznyYsA9yWC0FXLG5JEXWuu8PvsQ,KR_6603774364
684,5RRsDBN3qMTWyrIUErPchv5S1EYaPXmupN1S93alChZNf7TvqqXznyYsA9yWC0FXLG5JEXWuu8PvsQ,KR_6603658775
685,5RRsDBN3qMTWyrIUErPchv5S1EYaPXmupN1S93alChZNf7TvqqXznyYsA9yWC0FXLG5JEXWuu8PvsQ,KR_6603575204
686,5RRsDBN3qMTWyrIUErPchv5S1EYaPXmupN1S93alChZNf7TvqqXznyYsA9yWC0FXLG5JEXWuu8PvsQ,KR_6603510873
687,5RRsDBN3qMTWyrIUErPchv5S1EYaPXmupN1S93alChZNf7TvqqXznyYsA9yWC0FXLG5JEXWuu8PvsQ,KR_6603408771
688,5RRsDBN3qMTWyrIUErPchv5S1EYaPXmupN1S93alChZNf7TvqqXznyYsA9yWC0FXLG5JEXWuu8PvsQ,KR_6603349343
689,5RRsDBN3qMTWyrIUErPchv5S1EYaPXmupN1S93alChZNf7TvqqXznyYsA9yWC0FXLG5JEXWuu8PvsQ,KR_6603287449
690,5RRsDBN3qMTWyrIUErPchv5S1EYaPXmupN1S93alChZNf7TvqqXznyYsA9yWC0FXLG5JEXWuu8PvsQ,KR_6603220229
691,5RRsDBN3qMTWyrIUErPchv5S1EYaPXmupN1S93alChZNf7TvqqXznyYsA9yWC0FXLG5JEXWuu8PvsQ,KR_6603177543
692,5RRsDBN3qMTWyrIUErPchv5S1EYaPXmupN1S93alChZNf7TvqqXznyYsA9yWC0FXLG5JEXWuu8PvsQ,KR_6603124930
693,5RRsDBN3qMTWyrIUErPchv5S1EYaPXmupN1S93alChZNf7TvqqXznyYsA9yWC0FXLG5JEXWuu8PvsQ,KR_6603076889
694,5RRsDBN3qMTWyrIUErPchv5S1EYaPXmupN1S93alChZNf7TvqqXznyYsA9yWC0FXLG5JEXWuu8PvsQ,KR_6603027991
695,5RRsDBN3qMTWyrIUErPchv5S1EYaPXmupN1S93alChZNf7TvqqXznyYsA9yWC0FXLG5JEXWuu8PvsQ,KR_6602995663
696,5RRsDBN3qMTWyrIUErPchv5S1EYaPXmupN1S93alChZNf7TvqqXznyYsA9yWC0FXLG5JEXWuu8PvsQ,KR_6602939019
697,5RRsDBN3qMTWyrIUErPchv5S1EYaPXmupN1S93alChZNf7TvqqXznyYsA9yWC0FXLG5JEXWuu8PvsQ,KR_6602902005
698,5RRsDBN3qMTWyrIUErPchv5S1EYaPXmupN1S93alChZNf7TvqqXznyYsA9yWC0FXLG5JEXWuu8PvsQ,KR_6602801311
699,5RRsDBN3qMTWyrIUErPchv5S1EYaPXmupN1S93alChZNf7TvqqXznyYsA9yWC0FXLG5JEXWuu8PvsQ,KR_6602089754
700,_7tOkG76edp_faTgIQy1v-Np3C1kfzWb2kOJBjI0TsVBBpezyYXVKweTqniu4Vbnp8NlNl-FhOfcjg,KR_6619134396
701,_7tOkG76edp_faTgIQy1v-Np3C1kfzWb2kOJBjI0TsVBBpezyYXVKweTqniu4Vbnp8NlNl-FhOfcjg,KR_6619069765
702,_7tOkG76edp_faTgIQy1v-Np3C1kfzWb2kOJBjI0TsVBBpezyYXVKweTqniu4Vbnp8NlNl-FhOfcjg,KR_6615432977
703,_7tOkG76edp_faTgIQy1v-Np3C1kfzWb2kOJBjI0TsVBBpezyYXVKweTqniu4Vbnp8NlNl-FhOfcjg,KR_6615361010
704,_7tOkG76edp_faTgIQy1v-Np3C1kfzWb2kOJBjI0TsVBBpezyYXVKweTqniu4Vbnp8NlNl-FhOfcjg,KR_6614596299
705,_7tOkG76edp_faTgIQy1v-Np3C1kfzWb2kOJBjI0TsVBBpezyYXVKweTqniu4Vbnp8NlNl-FhOfcjg,KR_6614485769
706,_7tOkG76edp_faTgIQy1v-Np3C1kfzWb2kOJBjI0TsVBBpezyYXVKweTqniu4Vbnp8NlNl-FhOfcjg,KR_6614386829
707,_7tOkG76edp_faTgIQy1v-Np3C1kfzWb2kOJBjI0TsVBBpezyYXVKweTqniu4Vbnp8NlNl-FhOfcjg,KR_6614302894
708,_7tOkG76edp_faTgIQy1v-Np3C1kfzWb2kOJBjI0TsVBBpezyYXVKweTqniu4Vbnp8NlNl-FhOfcjg,KR_6614213182
709,_7tOkG76edp_faTgIQy1v-Np3C1kfzWb2kOJBjI0TsVBBpezyYXVKweTqniu4Vbnp8NlNl-FhOfcjg,KR_6614147212
710,_7tOkG76edp_faTgIQy1v-Np3C1kfzWb2kOJBjI0TsVBBpezyYXVKweTqniu4Vbnp8NlNl-FhOfcjg,KR_6614061869
711,_7tOkG76edp_faTgIQy1v-Np3C1kfzWb2kOJBjI0TsVBBpezyYXVKweTqniu4Vbnp8NlNl-FhOfcjg,KR_6613992475
712,_7tOkG76edp_faTgIQy1v-Np3C1kfzWb2kOJBjI0TsVBBpezyYXVKweTqniu4Vbnp8NlNl-FhOfcjg,KR_6613941315
713,_7tOkG76edp_faTgIQy1v-Np3C1kfzWb2kOJBjI0TsVBBpezyYXVKweTqniu4Vbnp8NlNl-FhOfcjg,KR_6613889796
714,_7tOkG76edp_faTgIQy1v-Np3C1kfzWb2kOJBjI0TsVBBpezyYXVKweTqniu4Vbnp8NlNl-FhOfcjg,KR_6613879281
715,_7tOkG76edp_faTgIQy1v-Np3C1kfzWb2kOJBjI0TsVBBpezyYXVKweTqniu4Vbnp8NlNl-FhOfcjg,KR_6613802403
716,_7tOkG76edp_faTgIQy1v-Np3C1kfzWb2kOJBjI0TsVBBpezyYXVKweTqniu4Vbnp8NlNl-FhOfcjg,KR_6613738216
717,_7tOkG76edp_faTgIQy1v-Np3C1kfzWb2kOJBjI0TsVBBpezyYXVKweTqniu4Vbnp8NlNl-FhOfcjg,KR_6613667258
718,_7tOkG76edp_faTgIQy1v-Np3C1kfzWb2kOJBjI0TsVBBpezyYXVKweTqniu4Vbnp8NlNl-FhOfcjg,KR_6613552852
719,_7tOkG76edp_faTgIQy1v-Np3C1kfzWb2kOJBjI0TsVBBpezyYXVKweTqniu4Vbnp8NlNl-FhOfcjg,KR_6613511819
720,_7tOkG76edp_faTgIQy1v-Np3C1kfzWb2kOJBjI0TsVBBpezyYXVKweTqniu4Vbnp8NlNl-FhOfcjg,KR_6612809256
721,_7tOkG76edp_faTgIQy1v-Np3C1kfzWb2kOJBjI0TsVBBpezyYXVKweTqniu4Vbnp8NlNl-FhOfcjg,KR_6612046690
722,_7tOkG76edp_faTgIQy1v-Np3C1kfzWb2kOJBjI0TsVBBpezyYXVKweTqniu4Vbnp8NlNl-FhOfcjg,KR_6611985827
723,_7tOkG76edp_faTgIQy1v-Np3C1kfzWb2kOJBjI0TsVBBpezyYXVKweTqniu4Vbnp8NlNl-FhOfcjg,KR_6611932844
724,_7tOkG76edp_faTgIQy1v-Np3C1kfzWb2kOJBjI0TsVBBpezyYXVKweTqniu4Vbnp8NlNl-FhOfcjg,KR_6611880409
725,_7tOkG76edp_faTgIQy1v-Np3C1kfzWb2kOJBjI0TsVBBpezyYXVKweTqniu4Vbnp8NlNl-FhOfcjg,KR_6611832197
726,_7tOkG76edp_faTgIQy1v-Np3C1kfzWb2kOJBjI0TsVBBpezyYXVKweTqniu4Vbnp8NlNl-FhOfcjg,KR_6611764884
727,_7tOkG76edp_faTgIQy1v-Np3C1kfzWb2kOJBjI0TsVBBpezyYXVKweTqniu4Vbnp8NlNl-FhOfcjg,KR_6611692766
728,_7tOkG76edp_faTgIQy1v-Np3C1kfzWb2kOJBjI0TsVBBpezyYXVKweTqniu4Vbnp8NlNl-FhOfcjg,KR_6611654323
729,_7tOkG76edp_faTgIQy1v-Np3C1kfzWb2kOJBjI0TsVBBpezyYXVKweTqniu4Vbnp8NlNl-FhOfcjg,KR_6611600627
730,_7tOkG76edp_faTgIQy1v-Np3C1kfzWb2kOJBjI0TsVBBpezyYXVKweTqniu4Vbnp8NlNl-FhOfcjg,KR_6611523241
731,_7tOkG76edp_faTgIQy1v-Np3C1kfzWb2kOJBjI0TsVBBpezyYXVKweTqniu4Vbnp8NlNl-FhOfcjg,KR_6610771864
732,_7tOkG76edp_faTgIQy1v-Np3C1kfzWb2kOJBjI0TsVBBpezyYXVKweTqniu4Vbnp8NlNl-FhOfcjg,KR_6610643747
733,_7tOkG76edp_faTgIQy1v-Np3C1kfzWb2kOJBjI0TsVBBpezyYXVKweTqniu4Vbnp8NlNl-FhOfcjg,KR_6610534486
734,_7tOkG76edp_faTgIQy1v-Np3C1kfzWb2kOJBjI0TsVBBpezyYXVKweTqniu4Vbnp8NlNl-FhOfcjg,KR_6610362608
735,_7tOkG76edp_faTgIQy1v-Np3C1kfzWb2kOJBjI0TsVBBpezyYXVKweTqniu4Vbnp8NlNl-FhOfcjg,KR_6610210631
736,_7tOkG76edp_faTgIQy1v-Np3C1kfzWb2kOJBjI0TsVBBpezyYXVKweTqniu4Vbnp8NlNl-FhOfcjg,KR_6610086310
737,_7tOkG76edp_faTgIQy1v-Np3C1kfzWb2kOJBjI0TsVBBpezyYXVKweTqniu4Vbnp8NlNl-FhOfcjg,KR_6609871663
738,_7tOkG76edp_faTgIQy1v-Np3C1kfzWb2kOJBjI0TsVBBpezyYXVKweTqniu4Vbnp8NlNl-FhOfcjg,KR_6608642943
739,_7tOkG76edp_faTgIQy1v-Np3C1kfzWb2kOJBjI0TsVBBpezyYXVKweTqniu4Vbnp8NlNl-FhOfcjg,KR_6608581368
740,_7tOkG76edp_faTgIQy1v-Np3C1kfzWb2kOJBjI0TsVBBpezyYXVKweTqniu4Vbnp8NlNl-FhOfcjg,KR_6608502586
741,_7tOkG76edp_faTgIQy1v-Np3C1kfzWb2kOJBjI0TsVBBpezyYXVKweTqniu4Vbnp8NlNl-FhOfcjg,KR_6608363330
742,_7tOkG76edp_faTgIQy1v-Np3C1kfzWb2kOJBjI0TsVBBpezyYXVKweTqniu4Vbnp8NlNl-FhOfcjg,KR_6608123831
743,_7tOkG76edp_faTgIQy1v-Np3C1kfzWb2kOJBjI0TsVBBpezyYXVKweTqniu4Vbnp8NlNl-FhOfcjg,KR_6607996510
744,_7tOkG76edp_faTgIQy1v-Np3C1kfzWb2kOJBjI0TsVBBpezyYXVKweTqniu4Vbnp8NlNl-FhOfcjg,KR_6607870439
745,_7tOkG76edp_faTgIQy1v-Np3C1kfzWb2kOJBjI0TsVBBpezyYXVKweTqniu4Vbnp8NlNl-FhOfcjg,KR_6607736830
746,_7tOkG76edp_faTgIQy1v-Np3C1kfzWb2kOJBjI0TsVBBpezyYXVKweTqniu4Vbnp8NlNl-FhOfcjg,KR_6607626467
747,_7tOkG76edp_faTgIQy1v-Np3C1kfzWb2kOJBjI0TsVBBpezyYXVKweTqniu4Vbnp8NlNl-FhOfcjg,KR_6607359418
748,_7tOkG76edp_faTgIQy1v-Np3C1kfzWb2kOJBjI0TsVBBpezyYXVKweTqniu4Vbnp8NlNl-FhOfcjg,KR_6607181329
749,_7tOkG76edp_faTgIQy1v-Np3C1kfzWb2kOJBjI0TsVBBpezyYXVKweTqniu4Vbnp8NlNl-FhOfcjg,KR_6607002952
750,_7tOkG76edp_faTgIQy1v-Np3C1kfzWb2kOJBjI0TsVBBpezyYXVKweTqniu4Vbnp8NlNl-FhOfcjg,KR_6606842292
751,_7tOkG76edp_faTgIQy1v-Np3C1kfzWb2kOJBjI0TsVBBpezyYXVKweTqniu4Vbnp8NlNl-FhOfcjg,KR_6606782266
752,_7tOkG76edp_faTgIQy1v-Np3C1kfzWb2kOJBjI0TsVBBpezyYXVKweTqniu4Vbnp8NlNl-FhOfcjg,KR_6606071818
753,_7tOkG76edp_faTgIQy1v-Np3C1kfzWb2kOJBjI0TsVBBpezyYXVKweTqniu4Vbnp8NlNl-FhOfcjg,KR_6606003656
754,_7tOkG76edp_faTgIQy1v-Np3C1kfzWb2kOJBjI0TsVBBpezyYXVKweTqniu4Vbnp8NlNl-FhOfcjg,KR_6605817612
755,_7tOkG76edp_faTgIQy1v-Np3C1kfzWb2kOJBjI0TsVBBpezyYXVKweTqniu4Vbnp8NlNl-FhOfcjg,KR_6605694229
756,_7tOkG76edp_faTgIQy1v-Np3C1kfzWb2kOJBjI0TsVBBpezyYXVKweTqniu4Vbnp8NlNl-FhOfcjg,KR_6605559906
757,_7tOkG76edp_faTgIQy1v-Np3C1kfzWb2kOJBjI0TsVBBpezyYXVKweTqniu4Vbnp8NlNl-FhOfcjg,KR_6605256332
758,_7tOkG76edp_faTgIQy1v-Np3C1kfzWb2kOJBjI0TsVBBpezyYXVKweTqniu4Vbnp8NlNl-FhOfcjg,KR_6605193577
759,_7tOkG76edp_faTgIQy1v-Np3C1kfzWb2kOJBjI0TsVBBpezyYXVKweTqniu4Vbnp8NlNl-FhOfcjg,KR_6605098889
760,_7tOkG76edp_faTgIQy1v-Np3C1kfzWb2kOJBjI0TsVBBpezyYXVKweTqniu4Vbnp8NlNl-FhOfcjg,KR_6605055522
761,_7tOkG76edp_faTgIQy1v-Np3C1kfzWb2kOJBjI0TsVBBpezyYXVKweTqniu4Vbnp8NlNl-FhOfcjg,KR_6604984411
762,_7tOkG76edp_faTgIQy1v-Np3C1kfzWb2kOJBjI0TsVBBpezyYXVKweTqniu4Vbnp8NlNl-FhOfcjg,KR_6604643091
763,_7tOkG76edp_faTgIQy1v-Np3C1kfzWb2kOJBjI0TsVBBpezyYXVKweTqniu4Vbnp8NlNl-FhOfcjg,KR_6604583764
764,_7tOkG76edp_faTgIQy1v-Np3C1kfzWb2kOJBjI0TsVBBpezyYXVKweTqniu4Vbnp8NlNl-FhOfcjg,KR_6604550513
765,_7tOkG76edp_faTgIQy1v-Np3C1kfzWb2kOJBjI0TsVBBpezyYXVKweTqniu4Vbnp8NlNl-FhOfcjg,KR_6604514614
766,_7tOkG76edp_faTgIQy1v-Np3C1kfzWb2kOJBjI0TsVBBpezyYXVKweTqniu4Vbnp8NlNl-FhOfcjg,KR_6604489838
767,_7tOkG76edp_faTgIQy1v-Np3C1kfzWb2kOJBjI0TsVBBpezyYXVKweTqniu4Vbnp8NlNl-FhOfcjg,KR_6604369823
768,_7tOkG76edp_faTgIQy1v-Np3C1kfzWb2kOJBjI0TsVBBpezyYXVKweTqniu4Vbnp8NlNl-FhOfcjg,KR_6603727137
769,_7tOkG76edp_faTgIQy1v-Np3C1kfzWb2kOJBjI0TsVBBpezyYXVKweTqniu4Vbnp8NlNl-FhOfcjg,KR_6603638723
770,_7tOkG76edp_faTgIQy1v-Np3C1kfzWb2kOJBjI0TsVBBpezyYXVKweTqniu4Vbnp8NlNl-FhOfcjg,KR_6603572295
771,_7tOkG76edp_faTgIQy1v-Np3C1kfzWb2kOJBjI0TsVBBpezyYXVKweTqniu4Vbnp8NlNl-FhOfcjg,KR_6603500741
772,_7tOkG76edp_faTgIQy1v-Np3C1kfzWb2kOJBjI0TsVBBpezyYXVKweTqniu4Vbnp8NlNl-FhOfcjg,KR_6603404060
773,_7tOkG76edp_faTgIQy1v-Np3C1kfzWb2kOJBjI0TsVBBpezyYXVKweTqniu4Vbnp8NlNl-FhOfcjg,KR_6603105813
774,_7tOkG76edp_faTgIQy1v-Np3C1kfzWb2kOJBjI0TsVBBpezyYXVKweTqniu4Vbnp8NlNl-FhOfcjg,KR_6603054712
775,_7tOkG76edp_faTgIQy1v-Np3C1kfzWb2kOJBjI0TsVBBpezyYXVKweTqniu4Vbnp8NlNl-FhOfcjg,KR_6601974945
776,_7tOkG76edp_faTgIQy1v-Np3C1kfzWb2kOJBjI0TsVBBpezyYXVKweTqniu4Vbnp8NlNl-FhOfcjg,KR_6601902039
777,_7tOkG76edp_faTgIQy1v-Np3C1kfzWb2kOJBjI0TsVBBpezyYXVKweTqniu4Vbnp8NlNl-FhOfcjg,KR_6601814752
778,_7tOkG76edp_faTgIQy1v-Np3C1kfzWb2kOJBjI0TsVBBpezyYXVKweTqniu4Vbnp8NlNl-FhOfcjg,KR_6601737362
779,_7tOkG76edp_faTgIQy1v-Np3C1kfzWb2kOJBjI0TsVBBpezyYXVKweTqniu4Vbnp8NlNl-FhOfcjg,KR_6601640896
780,_7tOkG76edp_faTgIQy1v-Np3C1kfzWb2kOJBjI0TsVBBpezyYXVKweTqniu4Vbnp8NlNl-FhOfcjg,KR_6601575762
781,_7tOkG76edp_faTgIQy1v-Np3C1kfzWb2kOJBjI0TsVBBpezyYXVKweTqniu4Vbnp8NlNl-FhOfcjg,KR_6601521844
782,_7tOkG76edp_faTgIQy1v-Np3C1kfzWb2kOJBjI0TsVBBpezyYXVKweTqniu4Vbnp8NlNl-FhOfcjg,KR_6601473395
783,_7tOkG76edp_faTgIQy1v-Np3C1kfzWb2kOJBjI0TsVBBpezyYXVKweTqniu4Vbnp8NlNl-FhOfcjg,KR_6601394648
784,_7tOkG76edp_faTgIQy1v-Np3C1kfzWb2kOJBjI0TsVBBpezyYXVKweTqniu4Vbnp8NlNl-FhOfcjg,KR_6601366097
785,_7tOkG76edp_faTgIQy1v-Np3C1kfzWb2kOJBjI0TsVBBpezyYXVKweTqniu4Vbnp8NlNl-FhOfcjg,KR_6601250851
786,_7tOkG76edp_faTgIQy1v-Np3C1kfzWb2kOJBjI0TsVBBpezyYXVKweTqniu4Vbnp8NlNl-FhOfcjg,KR_6601227177
787,_7tOkG76edp_faTgIQy1v-Np3C1kfzWb2kOJBjI0TsVBBpezyYXVKweTqniu4Vbnp8NlNl-FhOfcjg,KR_6601184169
788,_7tOkG76edp_faTgIQy1v-Np3C1kfzWb2kOJBjI0TsVBBpezyYXVKweTqniu4Vbnp8NlNl-FhOfcjg,KR_6601129214
789,_7tOkG76edp_faTgIQy1v-Np3C1kfzWb2kOJBjI0TsVBBpezyYXVKweTqniu4Vbnp8NlNl-FhOfcjg,KR_6601074299
790,_7tOkG76edp_faTgIQy1v-Np3C1kfzWb2kOJBjI0TsVBBpezyYXVKweTqniu4Vbnp8NlNl-FhOfcjg,KR_6601025549
791,_7tOkG76edp_faTgIQy1v-Np3C1kfzWb2kOJBjI0TsVBBpezyYXVKweTqniu4Vbnp8NlNl-FhOfcjg,KR_6600971341
792,_7tOkG76edp_faTgIQy1v-Np3C1kfzWb2kOJBjI0TsVBBpezyYXVKweTqniu4Vbnp8NlNl-FhOfcjg,KR_6600913751
793,_7tOkG76edp_faTgIQy1v-Np3C1kfzWb2kOJBjI0TsVBBpezyYXVKweTqniu4Vbnp8NlNl-FhOfcjg,KR_6600881580
794,_7tOkG76edp_faTgIQy1v-Np3C1kfzWb2kOJBjI0TsVBBpezyYXVKweTqniu4Vbnp8NlNl-FhOfcjg,KR_6598093891
795,_7tOkG76edp_faTgIQy1v-Np3C1kfzWb2kOJBjI0TsVBBpezyYXVKweTqniu4Vbnp8NlNl-FhOfcjg,KR_6598045936
796,_7tOkG76edp_faTgIQy1v-Np3C1kfzWb2kOJBjI0TsVBBpezyYXVKweTqniu4Vbnp8NlNl-FhOfcjg,KR_6598011660
797,_7tOkG76edp_faTgIQy1v-Np3C1kfzWb2kOJBjI0TsVBBpezyYXVKweTqniu4Vbnp8NlNl-FhOfcjg,KR_6597869026
798,_7tOkG76edp_faTgIQy1v-Np3C1kfzWb2kOJBjI0TsVBBpezyYXVKweTqniu4Vbnp8NlNl-FhOfcjg,KR_6597824092
799,_7tOkG76edp_faTgIQy1v-Np3C1kfzWb2kOJBjI0TsVBBpezyYXVKweTqniu4Vbnp8NlNl-FhOfcjg,KR_6597238485
800,iEd9lNY9qCw6N-LA2jNuSSELiYHCa9bsWi5QaVbyvZocpWaQOdBzUebv4VPKYtG2fzhjjZHgD-YEoA,KR_6619118125
801,iEd9lNY9qCw6N-LA2jNuSSELiYHCa9bsWi5QaVbyvZocpWaQOdBzUebv4VPKYtG2fzhjjZHgD-YEoA,KR_6618658658
802,iEd9lNY9qCw6N-LA2jNuSSELiYHCa9bsWi5QaVbyvZocpWaQOdBzUebv4VPKYtG2fzhjjZHgD-YEoA,KR_6618646017
803,iEd9lNY9qCw6N-LA2jNuSSELiYHCa9bsWi5QaVbyvZocpWaQOdBzUebv4VPKYtG2fzhjjZHgD-YEoA,KR_6618628134
804,iEd9lNY9qCw6N-LA2jNuSSELiYHCa9bsWi5QaVbyvZocpWaQOdBzUebv4VPKYtG2fzhjjZHgD-YEoA,KR_6617701287
805,iEd9lNY9qCw6N-LA2jNuSSELiYHCa9bsWi5QaVbyvZocpWaQOdBzUebv4VPKYtG2fzhjjZHgD-YEoA,KR_6617643713
806,iEd9lNY9qCw6N-LA2jNuSSELiYHCa9bsWi5QaVbyvZocpWaQOdBzUebv4VPKYtG2fzhjjZHgD-YEoA,KR_6617596591
807,iEd9lNY9qCw6N-LA2jNuSSELiYHCa9bsWi5QaVbyvZocpWaQOdBzUebv4VPKYtG2fzhjjZHgD-YEoA,KR_6617566179
808,iEd9lNY9qCw6N-LA2jNuSSELiYHCa9bsWi5QaVbyvZocpWaQOdBzUebv4VPKYtG2fzhjjZHgD-YEoA,KR_6617513569
809,iEd9lNY9qCw6N-LA2jNuSSELiYHCa9bsWi5QaVbyvZocpWaQOdBzUebv4VPKYtG2fzhjjZHgD-YEoA,KR_6616887347
810,iEd9lNY9qCw6N-LA2jNuSSELiYHCa9bsWi5QaVbyvZocpWaQOdBzUebv4VPKYtG2fzhjjZHgD-YEoA,KR_6616876339
811,iEd9lNY9qCw6N-LA2jNuSSELiYHCa9bsWi5QaVbyvZocpWaQOdBzUebv4VPKYtG2fzhjjZHgD-YEoA,KR_6616863386
812,iEd9lNY9qCw6N-LA2jNuSSELiYHCa9bsWi5QaVbyvZocpWaQOdBzUebv4VPKYtG2fzhjjZHgD-YEoA,KR_6616836408
813,iEd9lNY9qCw6N-LA2jNuSSELiYHCa9bsWi5QaVbyvZocpWaQOdBzUebv4VPKYtG2fzhjjZHgD-YEoA,KR_6616811293
814,iEd9lNY9qCw6N-LA2jNuSSELiYHCa9bsWi5QaVbyvZocpWaQOdBzUebv4VPKYtG2fzhjjZHgD-YEoA,KR_6616768859
815,iEd9lNY9qCw6N-LA2jNuSSELiYHCa9bsWi5QaVbyvZocpWaQOdBzUebv4VPKYtG2fzhjjZHgD-YEoA,KR_6616715360
816,iEd9lNY9qCw6N-LA2jNuSSELiYHCa9bsWi5QaVbyvZocpWaQOdBzUebv4VPKYtG2fzhjjZHgD-YEoA,KR_6616663522
817,iEd9lNY9qCw6N-LA2jNuSSELiYHCa9bsWi5QaVbyvZocpWaQOdBzUebv4VPKYtG2fzhjjZHgD-YEoA,KR_6616589792
818,iEd9lNY9qCw6N-LA2jNuSSELiYHCa9bsWi5QaVbyvZocpWaQOdBzUebv4VPKYtG2fzhjjZHgD-YEoA,KR_6616331907
819,iEd9lNY9qCw6N-LA2jNuSSELiYHCa9bsWi5QaVbyvZocpWaQOdBzUebv4VPKYtG2fzhjjZHgD-YEoA,KR_6616242510
820,iEd9lNY9qCw6N-LA2jNuSSELiYHCa9bsWi5QaVbyvZocpWaQOdBzUebv4VPKYtG2fzhjjZHgD-YEoA,KR_6616124882
821,iEd9lNY9qCw6N-LA2jNuSSELiYHCa9bsWi5QaVbyvZocpWaQOdBzUebv4VPKYtG2fzhjjZHgD-YEoA,KR_6616053522
822,iEd9lNY9qCw6N-LA2jNuSSELiYHCa9bsWi5QaVbyvZocpWaQOdBzUebv4VPKYtG2fzhjjZHgD-YEoA,KR_6615934755
823,iEd9lNY9qCw6N-LA2jNuSSELiYHCa9bsWi5QaVbyvZocpWaQOdBzUebv4VPKYtG2fzhjjZHgD-YEoA,KR_6615868998
824,iEd9lNY9qCw6N-LA2jNuSSELiYHCa9bsWi5QaVbyvZocpWaQOdBzUebv4VPKYtG2fzhjjZHgD-YEoA,KR_6615832071
825,iEd9lNY9qCw6N-LA2jNuSSELiYHCa9bsWi5QaVbyvZocpWaQOdBzUebv4VPKYtG2fzhjjZHgD-YEoA,KR_6615210485
826,iEd9lNY9qCw6N-LA2jNuSSELiYHCa9bsWi5QaVbyvZocpWaQOdBzUebv4VPKYtG2fzhjjZHgD-YEoA,KR_6615182742
827,iEd9lNY9qCw6N-LA2jNuSSELiYHCa9bsWi5QaVbyvZocpWaQOdBzUebv4VPKYtG2fzhjjZHgD-YEoA,KR_6615153585
828,iEd9lNY9qCw6N-LA2jNuSSELiYHCa9bsWi5QaVbyvZocpWaQOdBzUebv4VPKYtG2fzhjjZHgD-YEoA,KR_6615127845
829,iEd9lNY9qCw6N-LA2jNuSSELiYHCa9bsWi5QaVbyvZocpWaQOdBzUebv4VPKYtG2fzhjjZHgD-YEoA,KR_6615112783
830,iEd9lNY9qCw6N-LA2jNuSSELiYHCa9bsWi5QaVbyvZocpWaQOdBzUebv4VPKYtG2fzhjjZHgD-YEoA,KR_6615102072
831,iEd9lNY9qCw6N-LA2jNuSSELiYHCa9bsWi5QaVbyvZocpWaQOdBzUebv4VPKYtG2fzhjjZHgD-YEoA,KR_6615086353
832,iEd9lNY9qCw6N-LA2jNuSSELiYHCa9bsWi5QaVbyvZocpWaQOdBzUebv4VPKYtG2fzhjjZHgD-YEoA,KR_6615077026
833,iEd9lNY9qCw6N-LA2jNuSSELiYHCa9bsWi5QaVbyvZocpWaQOdBzUebv4VPKYtG2fzhjjZHgD-YEoA,KR_6614715240
834,iEd9lNY9qCw6N-LA2jNuSSELiYHCa9bsWi5QaVbyvZocpWaQOdBzUebv4VPKYtG2fzhjjZHgD-YEoA,KR_6614614386
835,iEd9lNY9qCw6N-LA2jNuSSELiYHCa9bsWi5QaVbyvZocpWaQOdBzUebv4VPKYtG2fzhjjZHgD-YEoA,KR_6614519316
836,iEd9lNY9qCw6N-LA2jNuSSELiYHCa9bsWi5QaVbyvZocpWaQOdBzUebv4VPKYtG2fzhjjZHgD-YEoA,KR_6614391941
837,iEd9lNY9qCw6N-LA2jNuSSELiYHCa9bsWi5QaVbyvZocpWaQOdBzUebv4VPKYtG2fzhjjZHgD-YEoA,KR_6614263984
838,iEd9lNY9qCw6N-LA2jNuSSELiYHCa9bsWi5QaVbyvZocpWaQOdBzUebv4VPKYtG2fzhjjZHgD-YEoA,KR_6614103248
839,iEd9lNY9qCw6N-LA2jNuSSELiYHCa9bsWi5QaVbyvZocpWaQOdBzUebv4VPKYtG2fzhjjZHgD-YEoA,KR_6614035356
840,iEd9lNY9qCw6N-LA2jNuSSELiYHCa9bsWi5QaVbyvZocpWaQOdBzUebv4VPKYtG2fzhjjZHgD-YEoA,KR_6613992475
841,iEd9lNY9qCw6N-LA2jNuSSELiYHCa9bsWi5QaVbyvZocpWaQOdBzUebv4VPKYtG2fzhjjZHgD-YEoA,KR_6613941315
842,iEd9lNY9qCw6N-LA2jNuSSELiYHCa9bsWi5QaVbyvZocpWaQOdBzUebv4VPKYtG2fzhjjZHgD-YEoA,KR_6613889796
843,iEd9lNY9qCw6N-LA2jNuSSELiYHCa9bsWi5QaVbyvZocpWaQOdBzUebv4VPKYtG2fzhjjZHgD-YEoA,KR_6613845580
844,iEd9lNY9qCw6N-LA2jNuSSELiYHCa9bsWi5QaVbyvZocpWaQOdBzUebv4VPKYtG2fzhjjZHgD-YEoA,KR_6613786836
845,iEd9lNY9qCw6N-LA2jNuSSELiYHCa9bsWi5QaVbyvZocpWaQOdBzUebv4VPKYtG2fzhjjZHgD-YEoA,KR_6613741558
846,iEd9lNY9qCw6N-LA2jNuSSELiYHCa9bsWi5QaVbyvZocpWaQOdBzUebv4VPKYtG2fzhjjZHgD-YEoA,KR_6613673896
847,iEd9lNY9qCw6N-LA2jNuSSELiYHCa9bsWi5QaVbyvZocpWaQOdBzUebv4VPKYtG2fzhjjZHgD-YEoA,KR_6613631346
848,iEd9lNY9qCw6N-LA2jNuSSELiYHCa9bsWi5QaVbyvZocpWaQOdBzUebv4VPKYtG2fzhjjZHgD-YEoA,KR_6613543623
849,iEd9lNY9qCw6N-LA2jNuSSELiYHCa9bsWi5QaVbyvZocpWaQOdBzUebv4VPKYtG2fzhjjZHgD-YEoA,KR_6612847981
850,iEd9lNY9qCw6N-LA2jNuSSELiYHCa9bsWi5QaVbyvZocpWaQOdBzUebv4VPKYtG2fzhjjZHgD-YEoA,KR_6612388926
851,iEd9lNY9qCw6N-LA2jNuSSELiYHCa9bsWi5QaVbyvZocpWaQOdBzUebv4VPKYtG2fzhjjZHgD-YEoA,KR_6612189237
852,iEd9lNY9qCw6N-LA2jNuSSELiYHCa9bsWi5QaVbyvZocpWaQOdBzUebv4VPKYtG2fzhjjZHgD-YEoA,KR_6612114993
853,iEd9lNY9qCw6N-LA2jNuSSELiYHCa9bsWi5QaVbyvZocpWaQOdBzUebv4VPKYtG2fzhjjZHgD-YEoA,KR_6610102919
854,iEd9lNY9qCw6N-LA2jNuSSELiYHCa9bsWi5QaVbyvZocpWaQOdBzUebv4VPKYtG2fzhjjZHgD-YEoA,KR_6609936433
855,iEd9lNY9qCw6N-LA2jNuSSELiYHCa9bsWi5QaVbyvZocpWaQOdBzUebv4VPKYtG2fzhjjZHgD-YEoA,KR_6609815683
856,iEd9lNY9qCw6N-LA2jNuSSELiYHCa9bsWi5QaVbyvZocpWaQOdBzUebv4VPKYtG2fzhjjZHgD-YEoA,KR_6609709711
857,iEd9lNY9qCw6N-LA2jNuSSELiYHCa9bsWi5QaVbyvZocpWaQOdBzUebv4VPKYtG2fzhjjZHgD-YEoA,KR_6609052254
858,iEd9lNY9qCw6N-LA2jNuSSELiYHCa9bsWi5QaVbyvZocpWaQOdBzUebv4VPKYtG2fzhjjZHgD-YEoA,KR_6608991499
859,iEd9lNY9qCw6N-LA2jNuSSELiYHCa9bsWi5QaVbyvZocpWaQOdBzUebv4VPKYtG2fzhjjZHgD-YEoA,KR_6608916485
860,iEd9lNY9qCw6N-LA2jNuSSELiYHCa9bsWi5QaVbyvZocpWaQOdBzUebv4VPKYtG2fzhjjZHgD-YEoA,KR_6608877123
861,iEd9lNY9qCw6N-LA2jNuSSELiYHCa9bsWi5QaVbyvZocpWaQOdBzUebv4VPKYtG2fzhjjZHgD-YEoA,KR_6608851854
862,iEd9lNY9qCw6N-LA2jNuSSELiYHCa9bsWi5QaVbyvZocpWaQOdBzUebv4VPKYtG2fzhjjZHgD-YEoA,KR_6608823820
863,iEd9lNY9qCw6N-LA2jNuSSELiYHCa9bsWi5QaVbyvZocpWaQOdBzUebv4VPKYtG2fzhjjZHgD-YEoA,KR_6608789755
864,iEd9lNY9qCw6N-LA2jNuSSELiYHCa9bsWi5QaVbyvZocpWaQOdBzUebv4VPKYtG2fzhjjZHgD-YEoA,KR_6608757804
865,iEd9lNY9qCw6N-LA2jNuSSELiYHCa9bsWi5QaVbyvZocpWaQOdBzUebv4VPKYtG2fzhjjZHgD-YEoA,KR_6608731810
866,iEd9lNY9qCw6N-LA2jNuSSELiYHCa9bsWi5QaVbyvZocpWaQOdBzUebv4VPKYtG2fzhjjZHgD-YEoA,KR_6608699346
867,iEd9lNY9qCw6N-LA2jNuSSELiYHCa9bsWi5QaVbyvZocpWaQOdBzUebv4VPKYtG2fzhjjZHgD-YEoA,KR_6608596973
868,iEd9lNY9qCw6N-LA2jNuSSELiYHCa9bsWi5QaVbyvZocpWaQOdBzUebv4VPKYtG2fzhjjZHgD-YEoA,KR_6608502586
869,iEd9lNY9qCw6N-LA2jNuSSELiYHCa9bsWi5QaVbyvZocpWaQOdBzUebv4VPKYtG2fzhjjZHgD-YEoA,KR_6608363330
870,iEd9lNY9qCw6N-LA2jNuSSELiYHCa9bsWi5QaVbyvZocpWaQOdBzUebv4VPKYtG2fzhjjZHgD-YEoA,KR_6608256618
871,iEd9lNY9qCw6N-LA2jNuSSELiYHCa9bsWi5QaVbyvZocpWaQOdBzUebv4VPKYtG2fzhjjZHgD-YEoA,KR_6608095194
872,iEd9lNY9qCw6N-LA2jNuSSELiYHCa9bsWi5QaVbyvZocpWaQOdBzUebv4VPKYtG2fzhjjZHgD-YEoA,KR_6608005566
873,iEd9lNY9qCw6N-LA2jNuSSELiYHCa9bsWi5QaVbyvZocpWaQOdBzUebv4VPKYtG2fzhjjZHgD-YEoA,KR_6607870439
874,iEd9lNY9qCw6N-LA2jNuSSELiYHCa9bsWi5QaVbyvZocpWaQOdBzUebv4VPKYtG2fzhjjZHgD-YEoA,KR_6607778946
875,iEd9lNY9qCw6N-LA2jNuSSELiYHCa9bsWi5QaVbyvZocpWaQOdBzUebv4VPKYtG2fzhjjZHgD-YEoA,KR_6607685746
876,iEd9lNY9qCw6N-LA2jNuSSELiYHCa9bsWi5QaVbyvZocpWaQOdBzUebv4VPKYtG2fzhjjZHgD-YEoA,KR_6607574567
877,iEd9lNY9qCw6N-LA2jNuSSELiYHCa9bsWi5QaVbyvZocpWaQOdBzUebv4VPKYtG2fzhjjZHgD-YEoA,KR_6607465858
878,iEd9lNY9qCw6N-LA2jNuSSELiYHCa9bsWi5QaVbyvZocpWaQOdBzUebv4VPKYtG2fzhjjZHgD-YEoA,KR_6606415626
879,iEd9lNY9qCw6N-LA2jNuSSELiYHCa9bsWi5QaVbyvZocpWaQOdBzUebv4VPKYtG2fzhjjZHgD-YEoA,KR_6606395482
880,iEd9lNY9qCw6N-LA2jNuSSELiYHCa9bsWi5QaVbyvZocpWaQOdBzUebv4VPKYtG2fzhjjZHgD-YEoA,KR_6606376754
881,iEd9lNY9qCw6N-LA2jNuSSELiYHCa9bsWi5QaVbyvZocpWaQOdBzUebv4VPKYtG2fzhjjZHgD-YEoA,KR_6606357667
882,iEd9lNY9qCw6N-LA2jNuSSELiYHCa9bsWi5QaVbyvZocpWaQOdBzUebv4VPKYtG2fzhjjZHgD-YEoA,KR_6606346160
883,iEd9lNY9qCw6N-LA2jNuSSELiYHCa9bsWi5QaVbyvZocpWaQOdBzUebv4VPKYtG2fzhjjZHgD-YEoA,KR_6606290195
884,iEd9lNY9qCw6N-LA2jNuSSELiYHCa9bsWi5QaVbyvZocpWaQOdBzUebv4VPKYtG2fzhjjZHgD-YEoA,KR_6606225315
885,iEd9lNY9qCw6N-LA2jNuSSELiYHCa9bsWi5QaVbyvZocpWaQOdBzUebv4VPKYtG2fzhjjZHgD-YEoA,KR_6606165250
886,iEd9lNY9qCw6N-LA2jNuSSELiYHCa9bsWi5QaVbyvZocpWaQOdBzUebv4VPKYtG2fzhjjZHgD-YEoA,KR_6606083678
887,iEd9lNY9qCw6N-LA2jNuSSELiYHCa9bsWi5QaVbyvZocpWaQOdBzUebv4VPKYtG2fzhjjZHgD-YEoA,KR_6605892499
888,iEd9lNY9qCw6N-LA2jNuSSELiYHCa9bsWi5QaVbyvZocpWaQOdBzUebv4VPKYtG2fzhjjZHgD-YEoA,KR_6605781484
889,iEd9lNY9qCw6N-LA2jNuSSELiYHCa9bsWi5QaVbyvZocpWaQOdBzUebv4VPKYtG2fzhjjZHgD-YEoA,KR_6605616173
890,iEd9lNY9qCw6N-LA2jNuSSELiYHCa9bsWi5QaVbyvZocpWaQOdBzUebv4VPKYtG2fzhjjZHgD-YEoA,KR_6605496367
891,iEd9lNY9qCw6N-LA2jNuSSELiYHCa9bsWi5QaVbyvZocpWaQOdBzUebv4VPKYtG2fzhjjZHgD-YEoA,KR_6605393456
892,iEd9lNY9qCw6N-LA2jNuSSELiYHCa9bsWi5QaVbyvZocpWaQOdBzUebv4VPKYtG2fzhjjZHgD-YEoA,KR_6605138186
893,iEd9lNY9qCw6N-LA2jNuSSELiYHCa9bsWi5QaVbyvZocpWaQOdBzUebv4VPKYtG2fzhjjZHgD-YEoA,KR_6605023774
894,iEd9lNY9qCw6N-LA2jNuSSELiYHCa9bsWi5QaVbyvZocpWaQOdBzUebv4VPKYtG2fzhjjZHgD-YEoA,KR_6604960977
895,iEd9lNY9qCw6N-LA2jNuSSELiYHCa9bsWi5QaVbyvZocpWaQOdBzUebv4VPKYtG2fzhjjZHgD-YEoA,KR_6604894793
896,iEd9lNY9qCw6N-LA2jNuSSELiYHCa9bsWi5QaVbyvZocpWaQOdBzUebv4VPKYtG2fzhjjZHgD-YEoA,KR_6604736964
897,iEd9lNY9qCw6N-LA2jNuSSELiYHCa9bsWi5QaVbyvZocpWaQOdBzUebv4VPKYtG2fzhjjZHgD-YEoA,KR_6604627539
898,iEd9lNY9qCw6N-LA2jNuSSELiYHCa9bsWi5QaVbyvZocpWaQOdBzUebv4VPKYtG2fzhjjZHgD-YEoA,KR_6604122628
899,iEd9lNY9qCw6N-LA2jNuSSELiYHCa9bsWi5QaVbyvZocpWaQOdBzUebv4VPKYtG2fzhjjZHgD-YEoA,KR_6604103442
